
-- ----------------------------
-- Records of organization
-- ----------------------------
INSERT INTO organization VALUES ('org_0', 'Organization 0', NULL, '2023-07-26 08:39:34', '2023-07-26 08:39:34', 'admin', 'admin', '', '', '', NULL, '0', NULL, '0', 'tenant1', '1', 'active');
INSERT INTO organization VALUES ('org_1', 'Organization 1', NULL, '2023-07-26 08:39:34', '2023-07-26 08:39:34', 'admin', 'admin', '', '', '', NULL, '0', NULL, '0', 'tenant1', '1', 'active');
INSERT INTO organization VALUES ('org_10', 'Organization 10', NULL, '2023-07-26 08:39:34', '2023-07-26 08:39:34', 'admin', 'admin', '', '', '', NULL, '0', NULL, '0', 'tenant1', '1', 'active');
INSERT INTO organization VALUES ('org_11', 'Organization 11', NULL, '2023-07-26 08:39:34', '2023-07-26 08:39:34', 'admin', 'admin', '', '', '', NULL, '0', NULL, '0', 'tenant1', '1', 'active');
INSERT INTO organization VALUES ('org_12', 'Organization 12', NULL, '2023-07-26 08:39:34', '2023-07-26 08:39:34', 'admin', 'admin', '', '', '', NULL, '0', NULL, '0', 'tenant1', '1', 'active');
INSERT INTO organization VALUES ('org_13', 'Organization 13', NULL, '2023-07-26 08:39:34', '2023-07-26 08:39:34', 'admin', 'admin', '', '', '', NULL, '0', NULL, '0', 'tenant1', '1', 'active');
INSERT INTO organization VALUES ('org_14', 'Organization 14', NULL, '2023-07-26 08:39:34', '2023-07-26 08:39:34', 'admin', 'admin', '', '', '', NULL, '0', NULL, '0', 'tenant1', '1', 'active');
INSERT INTO organization VALUES ('org_15', 'Organization 15', NULL, '2023-07-26 08:39:34', '2023-07-26 08:39:34', 'admin', 'admin', '', '', '', NULL, '0', NULL, '0', 'tenant1', '1', 'active');
INSERT INTO organization VALUES ('org_16', 'Organization 16', NULL, '2023-07-26 08:39:34', '2023-07-26 08:39:34', 'admin', 'admin', '', '', '', NULL, '0', NULL, '0', 'tenant1', '1', 'active');
INSERT INTO organization VALUES ('org_17', 'Organization 17', NULL, '2023-07-26 08:39:34', '2023-07-26 08:39:34', 'admin', 'admin', '', '', '', NULL, '0', NULL, '0', 'tenant1', '1', 'active');
INSERT INTO organization VALUES ('org_18', 'Organization 18', NULL, '2023-07-26 08:39:34', '2023-07-26 08:39:34', 'admin', 'admin', '', '', '', NULL, '0', NULL, '0', 'tenant1', '1', 'active');
INSERT INTO organization VALUES ('org_19', 'Organization 19', NULL, '2023-07-26 08:39:34', '2023-07-26 08:39:34', 'admin', 'admin', '', '', '', NULL, '0', NULL, '0', 'tenant1', '1', 'active');
INSERT INTO organization VALUES ('org_2', 'Organization 2', NULL, '2023-07-26 08:39:34', '2023-07-26 08:39:34', 'admin', 'admin', '', '', '', NULL, '0', NULL, '0', 'tenant1', '1', 'active');
INSERT INTO organization VALUES ('org_3', 'Organization 3', NULL, '2023-07-26 08:39:34', '2023-07-26 08:39:34', 'admin', 'admin', '', '', '', NULL, '0', NULL, '0', 'tenant1', '1', 'active');
INSERT INTO organization VALUES ('org_4', 'Organization 4', NULL, '2023-07-26 08:39:34', '2023-07-26 08:39:34', 'admin', 'admin', '', '', '', NULL, '0', NULL, '0', 'tenant1', '1', 'active');
INSERT INTO organization VALUES ('org_5', 'Organization 5', NULL, '2023-07-26 08:39:34', '2023-07-26 08:39:34', 'admin', 'admin', '', '', '', NULL, '0', NULL, '0', 'tenant1', '1', 'active');
INSERT INTO organization VALUES ('org_6', 'Organization 6', NULL, '2023-07-26 08:39:34', '2023-07-26 08:39:34', 'admin', 'admin', '', '', '', NULL, '0', NULL, '0', 'tenant1', '1', 'active');
INSERT INTO organization VALUES ('org_7', 'Organization 7', NULL, '2023-07-26 08:39:34', '2023-07-26 08:39:34', 'admin', 'admin', '', '', '', NULL, '0', NULL, '0', 'tenant1', '1', 'active');
INSERT INTO organization VALUES ('org_8', 'Organization 8', NULL, '2023-07-26 08:39:34', '2023-07-26 08:39:34', 'admin', 'admin', '', '', '', NULL, '0', NULL, '0', 'tenant1', '1', 'active');
INSERT INTO organization VALUES ('org_9', 'Organization 9', NULL, '2023-07-26 08:39:34', '2023-07-26 08:39:34', 'admin', 'admin', '', '', '', NULL, '0', NULL, '0', 'tenant1', '1', 'active');


-- ----------------------------
-- Records of organization_role
-- ----------------------------

-- ----------------------------
-- Records of permission
-- ----------------------------
INSERT INTO permission VALUES ('perm_0', 'Permission 0', 'type', NULL, '2023-07-26 08:39:35', '2023-07-26 08:39:35', 'admin', 'admin', '', '', '', NULL, '0', NULL, '0', 'tenant1', '1', 'active');
INSERT INTO permission VALUES ('perm_1', 'Permission 1', 'type', NULL, '2023-07-26 08:39:35', '2023-07-26 08:39:35', 'admin', 'admin', '', '', '', NULL, '0', NULL, '0', 'tenant1', '1', 'active');
INSERT INTO permission VALUES ('perm_10', 'Permission 10', 'type', NULL, '2023-07-26 08:39:35', '2023-07-26 08:39:35', 'admin', 'admin', '', '', '', NULL, '0', NULL, '0', 'tenant1', '1', 'active');
INSERT INTO permission VALUES ('perm_11', 'Permission 11', 'type', NULL, '2023-07-26 08:39:35', '2023-07-26 08:39:35', 'admin', 'admin', '', '', '', NULL, '0', NULL, '0', 'tenant1', '1', 'active');
INSERT INTO permission VALUES ('perm_12', 'Permission 12', 'type', NULL, '2023-07-26 08:39:35', '2023-07-26 08:39:35', 'admin', 'admin', '', '', '', NULL, '0', NULL, '0', 'tenant1', '1', 'active');
INSERT INTO permission VALUES ('perm_13', 'Permission 13', 'type', NULL, '2023-07-26 08:39:35', '2023-07-26 08:39:35', 'admin', 'admin', '', '', '', NULL, '0', NULL, '0', 'tenant1', '1', 'active');
INSERT INTO permission VALUES ('perm_14', 'Permission 14', 'type', NULL, '2023-07-26 08:39:35', '2023-07-26 08:39:35', 'admin', 'admin', '', '', '', NULL, '0', NULL, '0', 'tenant1', '1', 'active');
INSERT INTO permission VALUES ('perm_15', 'Permission 15', 'type', NULL, '2023-07-26 08:39:35', '2023-07-26 08:39:35', 'admin', 'admin', '', '', '', NULL, '0', NULL, '0', 'tenant1', '1', 'active');
INSERT INTO permission VALUES ('perm_16', 'Permission 16', 'type', NULL, '2023-07-26 08:39:35', '2023-07-26 08:39:35', 'admin', 'admin', '', '', '', NULL, '0', NULL, '0', 'tenant1', '1', 'active');
INSERT INTO permission VALUES ('perm_17', 'Permission 17', 'type', NULL, '2023-07-26 08:39:35', '2023-07-26 08:39:35', 'admin', 'admin', '', '', '', NULL, '0', NULL, '0', 'tenant1', '1', 'active');
INSERT INTO permission VALUES ('perm_18', 'Permission 18', 'type', NULL, '2023-07-26 08:39:35', '2023-07-26 08:39:35', 'admin', 'admin', '', '', '', NULL, '0', NULL, '0', 'tenant1', '1', 'active');
INSERT INTO permission VALUES ('perm_19', 'Permission 19', 'type', NULL, '2023-07-26 08:39:35', '2023-07-26 08:39:35', 'admin', 'admin', '', '', '', NULL, '0', NULL, '0', 'tenant1', '1', 'active');
INSERT INTO permission VALUES ('perm_2', 'Permission 2', 'type', NULL, '2023-07-26 08:39:35', '2023-07-26 08:39:35', 'admin', 'admin', '', '', '', NULL, '0', NULL, '0', 'tenant1', '1', 'active');
INSERT INTO permission VALUES ('perm_20', 'Permission 20', 'type', NULL, '2023-07-26 08:39:35', '2023-07-26 08:39:35', 'admin', 'admin', '', '', '', NULL, '0', NULL, '0', 'tenant1', '1', 'active');
INSERT INTO permission VALUES ('perm_21', 'Permission 21', 'type', NULL, '2023-07-26 08:39:35', '2023-07-26 08:39:35', 'admin', 'admin', '', '', '', NULL, '0', NULL, '0', 'tenant1', '1', 'active');
INSERT INTO permission VALUES ('perm_22', 'Permission 22', 'type', NULL, '2023-07-26 08:39:35', '2023-07-26 08:39:35', 'admin', 'admin', '', '', '', NULL, '0', NULL, '0', 'tenant1', '1', 'active');
INSERT INTO permission VALUES ('perm_23', 'Permission 23', 'type', NULL, '2023-07-26 08:39:35', '2023-07-26 08:39:35', 'admin', 'admin', '', '', '', NULL, '0', NULL, '0', 'tenant1', '1', 'active');
INSERT INTO permission VALUES ('perm_24', 'Permission 24', 'type', NULL, '2023-07-26 08:39:35', '2023-07-26 08:39:35', 'admin', 'admin', '', '', '', NULL, '0', NULL, '0', 'tenant1', '1', 'active');
INSERT INTO permission VALUES ('perm_25', 'Permission 25', 'type', NULL, '2023-07-26 08:39:35', '2023-07-26 08:39:35', 'admin', 'admin', '', '', '', NULL, '0', NULL, '0', 'tenant1', '1', 'active');
INSERT INTO permission VALUES ('perm_26', 'Permission 26', 'type', NULL, '2023-07-26 08:39:35', '2023-07-26 08:39:35', 'admin', 'admin', '', '', '', NULL, '0', NULL, '0', 'tenant1', '1', 'active');
INSERT INTO permission VALUES ('perm_3', 'Permission 3', 'type', NULL, '2023-07-26 08:39:35', '2023-07-26 08:39:35', 'admin', 'admin', '', '', '', NULL, '0', NULL, '0', 'tenant1', '1', 'active');
INSERT INTO permission VALUES ('perm_4', 'Permission 4', 'type', NULL, '2023-07-26 08:39:35', '2023-07-26 08:39:35', 'admin', 'admin', '', '', '', NULL, '0', NULL, '0', 'tenant1', '1', 'active');
INSERT INTO permission VALUES ('perm_5', 'Permission 5', 'type', NULL, '2023-07-26 08:39:35', '2023-07-26 08:39:35', 'admin', 'admin', '', '', '', NULL, '0', NULL, '0', 'tenant1', '1', 'active');
INSERT INTO permission VALUES ('perm_6', 'Permission 6', 'type', NULL, '2023-07-26 08:39:35', '2023-07-26 08:39:35', 'admin', 'admin', '', '', '', NULL, '0', NULL, '0', 'tenant1', '1', 'active');
INSERT INTO permission VALUES ('perm_7', 'Permission 7', 'type', NULL, '2023-07-26 08:39:35', '2023-07-26 08:39:35', 'admin', 'admin', '', '', '', NULL, '0', NULL, '0', 'tenant1', '1', 'active');
INSERT INTO permission VALUES ('perm_8', 'Permission 8', 'type', NULL, '2023-07-26 08:39:35', '2023-07-26 08:39:35', 'admin', 'admin', '', '', '', NULL, '0', NULL, '0', 'tenant1', '1', 'active');
INSERT INTO permission VALUES ('perm_9', 'Permission 9', 'type', NULL, '2023-07-26 08:39:35', '2023-07-26 08:39:35', 'admin', 'admin', '', '', '', NULL, '0', NULL, '0', 'tenant1', '1', 'active');

-- ----------------------------
-- Records of role
-- ----------------------------
INSERT INTO role VALUES ('role_0', 'Role 0', NULL, '2023-07-26 08:39:35', '2023-07-26 08:39:35', 'admin', 'admin', '', '', '', NULL, '0', NULL, '0', 'tenant1', '1', 'active');
INSERT INTO role VALUES ('role_1', 'Role 1', NULL, '2023-07-26 08:39:35', '2023-07-26 08:39:35', 'admin', 'admin', '', '', '', NULL, '0', NULL, '0', 'tenant1', '1', 'active');
INSERT INTO role VALUES ('role_2', 'Role 2', NULL, '2023-07-26 08:39:35', '2023-07-26 08:39:35', 'admin', 'admin', '', '', '', NULL, '0', NULL, '0', 'tenant1', '1', 'active');
INSERT INTO role VALUES ('role_3', 'Role 3', NULL, '2023-07-26 08:39:35', '2023-07-26 08:39:35', 'admin', 'admin', '', '', '', NULL, '0', NULL, '0', 'tenant1', '1', 'active');
INSERT INTO role VALUES ('role_4', 'Role 4', NULL, '2023-07-26 08:39:35', '2023-07-26 08:39:35', 'admin', 'admin', '', '', '', NULL, '0', NULL, '0', 'tenant1', '1', 'active');
INSERT INTO role VALUES ('role_5', 'Role 5', NULL, '2023-07-26 08:39:35', '2023-07-26 08:39:35', 'admin', 'admin', '', '', '', NULL, '0', NULL, '0', 'tenant1', '1', 'active');
INSERT INTO role VALUES ('role_6', 'Role 6', NULL, '2023-07-26 08:39:35', '2023-07-26 08:39:35', 'admin', 'admin', '', '', '', NULL, '0', NULL, '0', 'tenant1', '1', 'active');
INSERT INTO role VALUES ('role_7', 'Role 7', NULL, '2023-07-26 08:39:35', '2023-07-26 08:39:35', 'admin', 'admin', '', '', '', NULL, '0', NULL, '0', 'tenant1', '1', 'active');
INSERT INTO role VALUES ('role_8', 'Role 8', NULL, '2023-07-26 08:39:35', '2023-07-26 08:39:35', 'admin', 'admin', '', '', '', NULL, '0', NULL, '0', 'tenant1', '1', 'active');
INSERT INTO role VALUES ('role_9', 'Role 9', NULL, '2023-07-26 08:39:35', '2023-07-26 08:39:35', 'admin', 'admin', '', '', '', NULL, '0', NULL, '0', 'tenant1', '1', 'active');


-- ----------------------------
-- Records of role_mutex
-- ----------------------------


-- ----------------------------
-- Records of role_permission
-- ----------------------------
INSERT INTO role_permission VALUES ('role_0', 'perm_0');
INSERT INTO role_permission VALUES ('role_0', 'perm_1');
INSERT INTO role_permission VALUES ('role_0', 'perm_2');
INSERT INTO role_permission VALUES ('role_0', 'perm_3');
INSERT INTO role_permission VALUES ('role_0', 'perm_4');
INSERT INTO role_permission VALUES ('role_0', 'perm_5');
INSERT INTO role_permission VALUES ('role_0', 'perm_6');
INSERT INTO role_permission VALUES ('role_0', 'perm_7');
INSERT INTO role_permission VALUES ('role_0', 'perm_8');
INSERT INTO role_permission VALUES ('role_0', 'perm_9');
INSERT INTO role_permission VALUES ('role_0', 'perm_10');
INSERT INTO role_permission VALUES ('role_0', 'perm_11');
INSERT INTO role_permission VALUES ('role_0', 'perm_12');
INSERT INTO role_permission VALUES ('role_0', 'perm_13');
INSERT INTO role_permission VALUES ('role_0', 'perm_14');
INSERT INTO role_permission VALUES ('role_0', 'perm_15');
INSERT INTO role_permission VALUES ('role_0', 'perm_16');
INSERT INTO role_permission VALUES ('role_0', 'perm_17');
INSERT INTO role_permission VALUES ('role_0', 'perm_18');
INSERT INTO role_permission VALUES ('role_0', 'perm_19');
INSERT INTO role_permission VALUES ('role_0', 'perm_20');
INSERT INTO role_permission VALUES ('role_0', 'perm_21');
INSERT INTO role_permission VALUES ('role_0', 'perm_22');
INSERT INTO role_permission VALUES ('role_0', 'perm_23');
INSERT INTO role_permission VALUES ('role_0', 'perm_24');
INSERT INTO role_permission VALUES ('role_0', 'perm_25');
INSERT INTO role_permission VALUES ('role_0', 'perm_26');
INSERT INTO role_permission VALUES ('role_1', 'perm_0');
INSERT INTO role_permission VALUES ('role_1', 'perm_1');
INSERT INTO role_permission VALUES ('role_1', 'perm_2');
INSERT INTO role_permission VALUES ('role_1', 'perm_3');
INSERT INTO role_permission VALUES ('role_1', 'perm_4');
INSERT INTO role_permission VALUES ('role_1', 'perm_5');
INSERT INTO role_permission VALUES ('role_1', 'perm_6');
INSERT INTO role_permission VALUES ('role_1', 'perm_7');
INSERT INTO role_permission VALUES ('role_1', 'perm_8');
INSERT INTO role_permission VALUES ('role_1', 'perm_9');
INSERT INTO role_permission VALUES ('role_1', 'perm_10');
INSERT INTO role_permission VALUES ('role_1', 'perm_11');
INSERT INTO role_permission VALUES ('role_1', 'perm_12');
INSERT INTO role_permission VALUES ('role_1', 'perm_13');
INSERT INTO role_permission VALUES ('role_1', 'perm_14');
INSERT INTO role_permission VALUES ('role_1', 'perm_15');
INSERT INTO role_permission VALUES ('role_1', 'perm_16');
INSERT INTO role_permission VALUES ('role_1', 'perm_17');
INSERT INTO role_permission VALUES ('role_1', 'perm_18');
INSERT INTO role_permission VALUES ('role_1', 'perm_19');
INSERT INTO role_permission VALUES ('role_1', 'perm_20');
INSERT INTO role_permission VALUES ('role_1', 'perm_21');
INSERT INTO role_permission VALUES ('role_1', 'perm_22');
INSERT INTO role_permission VALUES ('role_1', 'perm_23');
INSERT INTO role_permission VALUES ('role_1', 'perm_24');
INSERT INTO role_permission VALUES ('role_1', 'perm_25');
INSERT INTO role_permission VALUES ('role_1', 'perm_26');
INSERT INTO role_permission VALUES ('role_2', 'perm_0');
INSERT INTO role_permission VALUES ('role_2', 'perm_1');
INSERT INTO role_permission VALUES ('role_2', 'perm_2');
INSERT INTO role_permission VALUES ('role_2', 'perm_3');
INSERT INTO role_permission VALUES ('role_2', 'perm_4');
INSERT INTO role_permission VALUES ('role_2', 'perm_5');
INSERT INTO role_permission VALUES ('role_2', 'perm_6');
INSERT INTO role_permission VALUES ('role_2', 'perm_7');
INSERT INTO role_permission VALUES ('role_2', 'perm_8');
INSERT INTO role_permission VALUES ('role_2', 'perm_9');
INSERT INTO role_permission VALUES ('role_2', 'perm_10');
INSERT INTO role_permission VALUES ('role_2', 'perm_11');
INSERT INTO role_permission VALUES ('role_2', 'perm_12');
INSERT INTO role_permission VALUES ('role_2', 'perm_13');
INSERT INTO role_permission VALUES ('role_2', 'perm_14');
INSERT INTO role_permission VALUES ('role_2', 'perm_15');
INSERT INTO role_permission VALUES ('role_2', 'perm_16');
INSERT INTO role_permission VALUES ('role_2', 'perm_17');
INSERT INTO role_permission VALUES ('role_2', 'perm_18');
INSERT INTO role_permission VALUES ('role_2', 'perm_19');
INSERT INTO role_permission VALUES ('role_2', 'perm_20');
INSERT INTO role_permission VALUES ('role_2', 'perm_21');
INSERT INTO role_permission VALUES ('role_2', 'perm_22');
INSERT INTO role_permission VALUES ('role_2', 'perm_23');
INSERT INTO role_permission VALUES ('role_2', 'perm_24');
INSERT INTO role_permission VALUES ('role_2', 'perm_25');
INSERT INTO role_permission VALUES ('role_2', 'perm_26');
INSERT INTO role_permission VALUES ('role_3', 'perm_0');
INSERT INTO role_permission VALUES ('role_3', 'perm_1');
INSERT INTO role_permission VALUES ('role_3', 'perm_2');
INSERT INTO role_permission VALUES ('role_3', 'perm_3');
INSERT INTO role_permission VALUES ('role_3', 'perm_4');
INSERT INTO role_permission VALUES ('role_3', 'perm_5');
INSERT INTO role_permission VALUES ('role_3', 'perm_6');
INSERT INTO role_permission VALUES ('role_3', 'perm_7');
INSERT INTO role_permission VALUES ('role_3', 'perm_8');
INSERT INTO role_permission VALUES ('role_3', 'perm_9');
INSERT INTO role_permission VALUES ('role_3', 'perm_10');
INSERT INTO role_permission VALUES ('role_3', 'perm_11');
INSERT INTO role_permission VALUES ('role_3', 'perm_12');
INSERT INTO role_permission VALUES ('role_3', 'perm_13');
INSERT INTO role_permission VALUES ('role_3', 'perm_14');
INSERT INTO role_permission VALUES ('role_3', 'perm_15');
INSERT INTO role_permission VALUES ('role_3', 'perm_16');
INSERT INTO role_permission VALUES ('role_3', 'perm_17');
INSERT INTO role_permission VALUES ('role_3', 'perm_18');
INSERT INTO role_permission VALUES ('role_3', 'perm_19');
INSERT INTO role_permission VALUES ('role_3', 'perm_20');
INSERT INTO role_permission VALUES ('role_3', 'perm_21');
INSERT INTO role_permission VALUES ('role_3', 'perm_22');
INSERT INTO role_permission VALUES ('role_3', 'perm_23');
INSERT INTO role_permission VALUES ('role_3', 'perm_24');
INSERT INTO role_permission VALUES ('role_3', 'perm_25');
INSERT INTO role_permission VALUES ('role_3', 'perm_26');
INSERT INTO role_permission VALUES ('role_4', 'perm_0');
INSERT INTO role_permission VALUES ('role_4', 'perm_1');
INSERT INTO role_permission VALUES ('role_4', 'perm_2');
INSERT INTO role_permission VALUES ('role_4', 'perm_3');
INSERT INTO role_permission VALUES ('role_4', 'perm_4');
INSERT INTO role_permission VALUES ('role_4', 'perm_5');
INSERT INTO role_permission VALUES ('role_4', 'perm_6');
INSERT INTO role_permission VALUES ('role_4', 'perm_7');
INSERT INTO role_permission VALUES ('role_4', 'perm_8');
INSERT INTO role_permission VALUES ('role_4', 'perm_9');
INSERT INTO role_permission VALUES ('role_4', 'perm_10');
INSERT INTO role_permission VALUES ('role_4', 'perm_11');
INSERT INTO role_permission VALUES ('role_4', 'perm_12');
INSERT INTO role_permission VALUES ('role_4', 'perm_13');
INSERT INTO role_permission VALUES ('role_4', 'perm_14');
INSERT INTO role_permission VALUES ('role_4', 'perm_15');
INSERT INTO role_permission VALUES ('role_4', 'perm_16');
INSERT INTO role_permission VALUES ('role_4', 'perm_17');
INSERT INTO role_permission VALUES ('role_4', 'perm_18');
INSERT INTO role_permission VALUES ('role_4', 'perm_19');
INSERT INTO role_permission VALUES ('role_4', 'perm_20');
INSERT INTO role_permission VALUES ('role_4', 'perm_21');
INSERT INTO role_permission VALUES ('role_4', 'perm_22');
INSERT INTO role_permission VALUES ('role_4', 'perm_23');
INSERT INTO role_permission VALUES ('role_4', 'perm_24');
INSERT INTO role_permission VALUES ('role_4', 'perm_25');
INSERT INTO role_permission VALUES ('role_4', 'perm_26');
INSERT INTO role_permission VALUES ('role_5', 'perm_0');
INSERT INTO role_permission VALUES ('role_5', 'perm_1');
INSERT INTO role_permission VALUES ('role_5', 'perm_2');
INSERT INTO role_permission VALUES ('role_5', 'perm_3');
INSERT INTO role_permission VALUES ('role_5', 'perm_4');
INSERT INTO role_permission VALUES ('role_5', 'perm_5');
INSERT INTO role_permission VALUES ('role_5', 'perm_6');
INSERT INTO role_permission VALUES ('role_5', 'perm_7');
INSERT INTO role_permission VALUES ('role_5', 'perm_8');
INSERT INTO role_permission VALUES ('role_5', 'perm_9');
INSERT INTO role_permission VALUES ('role_5', 'perm_10');
INSERT INTO role_permission VALUES ('role_5', 'perm_11');
INSERT INTO role_permission VALUES ('role_5', 'perm_12');
INSERT INTO role_permission VALUES ('role_5', 'perm_13');
INSERT INTO role_permission VALUES ('role_5', 'perm_14');
INSERT INTO role_permission VALUES ('role_5', 'perm_15');
INSERT INTO role_permission VALUES ('role_5', 'perm_16');
INSERT INTO role_permission VALUES ('role_5', 'perm_17');
INSERT INTO role_permission VALUES ('role_5', 'perm_18');
INSERT INTO role_permission VALUES ('role_5', 'perm_19');
INSERT INTO role_permission VALUES ('role_5', 'perm_20');
INSERT INTO role_permission VALUES ('role_5', 'perm_21');
INSERT INTO role_permission VALUES ('role_5', 'perm_22');
INSERT INTO role_permission VALUES ('role_5', 'perm_23');
INSERT INTO role_permission VALUES ('role_5', 'perm_24');
INSERT INTO role_permission VALUES ('role_5', 'perm_25');
INSERT INTO role_permission VALUES ('role_5', 'perm_26');
INSERT INTO role_permission VALUES ('role_6', 'perm_0');
INSERT INTO role_permission VALUES ('role_6', 'perm_1');
INSERT INTO role_permission VALUES ('role_6', 'perm_2');
INSERT INTO role_permission VALUES ('role_6', 'perm_3');
INSERT INTO role_permission VALUES ('role_6', 'perm_4');
INSERT INTO role_permission VALUES ('role_6', 'perm_5');
INSERT INTO role_permission VALUES ('role_6', 'perm_6');
INSERT INTO role_permission VALUES ('role_6', 'perm_7');
INSERT INTO role_permission VALUES ('role_6', 'perm_8');
INSERT INTO role_permission VALUES ('role_6', 'perm_9');
INSERT INTO role_permission VALUES ('role_6', 'perm_10');
INSERT INTO role_permission VALUES ('role_6', 'perm_11');
INSERT INTO role_permission VALUES ('role_6', 'perm_12');
INSERT INTO role_permission VALUES ('role_6', 'perm_13');
INSERT INTO role_permission VALUES ('role_6', 'perm_14');
INSERT INTO role_permission VALUES ('role_6', 'perm_15');
INSERT INTO role_permission VALUES ('role_6', 'perm_16');
INSERT INTO role_permission VALUES ('role_6', 'perm_17');
INSERT INTO role_permission VALUES ('role_6', 'perm_18');
INSERT INTO role_permission VALUES ('role_6', 'perm_19');
INSERT INTO role_permission VALUES ('role_6', 'perm_20');
INSERT INTO role_permission VALUES ('role_6', 'perm_21');
INSERT INTO role_permission VALUES ('role_6', 'perm_22');
INSERT INTO role_permission VALUES ('role_6', 'perm_23');
INSERT INTO role_permission VALUES ('role_6', 'perm_24');
INSERT INTO role_permission VALUES ('role_6', 'perm_25');
INSERT INTO role_permission VALUES ('role_6', 'perm_26');
INSERT INTO role_permission VALUES ('role_7', 'perm_0');
INSERT INTO role_permission VALUES ('role_7', 'perm_1');
INSERT INTO role_permission VALUES ('role_7', 'perm_2');
INSERT INTO role_permission VALUES ('role_7', 'perm_3');
INSERT INTO role_permission VALUES ('role_7', 'perm_4');
INSERT INTO role_permission VALUES ('role_7', 'perm_5');
INSERT INTO role_permission VALUES ('role_7', 'perm_6');
INSERT INTO role_permission VALUES ('role_7', 'perm_7');
INSERT INTO role_permission VALUES ('role_7', 'perm_8');
INSERT INTO role_permission VALUES ('role_7', 'perm_9');
INSERT INTO role_permission VALUES ('role_7', 'perm_10');
INSERT INTO role_permission VALUES ('role_7', 'perm_11');
INSERT INTO role_permission VALUES ('role_7', 'perm_12');
INSERT INTO role_permission VALUES ('role_7', 'perm_13');
INSERT INTO role_permission VALUES ('role_7', 'perm_14');
INSERT INTO role_permission VALUES ('role_7', 'perm_15');
INSERT INTO role_permission VALUES ('role_7', 'perm_16');
INSERT INTO role_permission VALUES ('role_7', 'perm_17');
INSERT INTO role_permission VALUES ('role_7', 'perm_18');
INSERT INTO role_permission VALUES ('role_7', 'perm_19');
INSERT INTO role_permission VALUES ('role_7', 'perm_20');
INSERT INTO role_permission VALUES ('role_7', 'perm_21');
INSERT INTO role_permission VALUES ('role_7', 'perm_22');
INSERT INTO role_permission VALUES ('role_7', 'perm_23');
INSERT INTO role_permission VALUES ('role_7', 'perm_24');
INSERT INTO role_permission VALUES ('role_7', 'perm_25');
INSERT INTO role_permission VALUES ('role_7', 'perm_26');
INSERT INTO role_permission VALUES ('role_8', 'perm_0');
INSERT INTO role_permission VALUES ('role_8', 'perm_1');
INSERT INTO role_permission VALUES ('role_8', 'perm_2');
INSERT INTO role_permission VALUES ('role_8', 'perm_3');
INSERT INTO role_permission VALUES ('role_8', 'perm_4');
INSERT INTO role_permission VALUES ('role_8', 'perm_5');
INSERT INTO role_permission VALUES ('role_8', 'perm_6');
INSERT INTO role_permission VALUES ('role_8', 'perm_7');
INSERT INTO role_permission VALUES ('role_8', 'perm_8');
INSERT INTO role_permission VALUES ('role_8', 'perm_9');
INSERT INTO role_permission VALUES ('role_8', 'perm_10');
INSERT INTO role_permission VALUES ('role_8', 'perm_11');
INSERT INTO role_permission VALUES ('role_8', 'perm_12');
INSERT INTO role_permission VALUES ('role_8', 'perm_13');
INSERT INTO role_permission VALUES ('role_8', 'perm_14');
INSERT INTO role_permission VALUES ('role_8', 'perm_15');
INSERT INTO role_permission VALUES ('role_8', 'perm_16');
INSERT INTO role_permission VALUES ('role_8', 'perm_17');
INSERT INTO role_permission VALUES ('role_8', 'perm_18');
INSERT INTO role_permission VALUES ('role_8', 'perm_19');
INSERT INTO role_permission VALUES ('role_8', 'perm_20');
INSERT INTO role_permission VALUES ('role_8', 'perm_21');
INSERT INTO role_permission VALUES ('role_8', 'perm_22');
INSERT INTO role_permission VALUES ('role_8', 'perm_23');
INSERT INTO role_permission VALUES ('role_8', 'perm_24');
INSERT INTO role_permission VALUES ('role_8', 'perm_25');
INSERT INTO role_permission VALUES ('role_8', 'perm_26');
INSERT INTO role_permission VALUES ('role_9', 'perm_0');
INSERT INTO role_permission VALUES ('role_9', 'perm_1');
INSERT INTO role_permission VALUES ('role_9', 'perm_2');
INSERT INTO role_permission VALUES ('role_9', 'perm_3');
INSERT INTO role_permission VALUES ('role_9', 'perm_4');
INSERT INTO role_permission VALUES ('role_9', 'perm_5');
INSERT INTO role_permission VALUES ('role_9', 'perm_6');
INSERT INTO role_permission VALUES ('role_9', 'perm_7');
INSERT INTO role_permission VALUES ('role_9', 'perm_8');
INSERT INTO role_permission VALUES ('role_9', 'perm_9');
INSERT INTO role_permission VALUES ('role_9', 'perm_10');
INSERT INTO role_permission VALUES ('role_9', 'perm_11');
INSERT INTO role_permission VALUES ('role_9', 'perm_12');
INSERT INTO role_permission VALUES ('role_9', 'perm_13');
INSERT INTO role_permission VALUES ('role_9', 'perm_14');
INSERT INTO role_permission VALUES ('role_9', 'perm_15');
INSERT INTO role_permission VALUES ('role_9', 'perm_16');
INSERT INTO role_permission VALUES ('role_9', 'perm_17');
INSERT INTO role_permission VALUES ('role_9', 'perm_18');
INSERT INTO role_permission VALUES ('role_9', 'perm_19');
INSERT INTO role_permission VALUES ('role_9', 'perm_20');
INSERT INTO role_permission VALUES ('role_9', 'perm_21');
INSERT INTO role_permission VALUES ('role_9', 'perm_22');
INSERT INTO role_permission VALUES ('role_9', 'perm_23');
INSERT INTO role_permission VALUES ('role_9', 'perm_24');
INSERT INTO role_permission VALUES ('role_9', 'perm_25');
INSERT INTO role_permission VALUES ('role_9', 'perm_26');


-- ----------------------------
-- Records of t_exception_record
-- ----------------------------



-- ----------------------------
-- Records of users
-- ----------------------------
INSERT INTO users VALUES ('users_0', 'User 0', '2023-07-26 08:39:34', '2023-07-26 08:39:34', 'admin', 'admin', '', '', '', NULL, '0', NULL, '0', 'tenant1', '1', 'active');
INSERT INTO users VALUES ('users_1', 'User 1', '2023-07-26 08:39:34', '2023-07-26 08:39:34', 'admin', 'admin', '', '', '', NULL, '0', NULL, '0', 'tenant1', '1', 'active');
INSERT INTO users VALUES ('users_10', 'User 10', '2023-07-26 08:39:34', '2023-07-26 08:39:34', 'admin', 'admin', '', '', '', NULL, '0', NULL, '0', 'tenant1', '1', 'active');
INSERT INTO users VALUES ('users_100', 'User 100', '2023-07-26 08:39:35', '2023-07-26 08:39:35', 'users_15', 'users_10', '', '', '', NULL, '0', NULL, '0', 'tenant1', '1', 'active');
INSERT INTO users VALUES ('users_101', 'User 101', '2023-07-26 08:39:35', '2023-07-26 08:39:35', 'users_4', 'users_11', '', '', '', NULL, '0', NULL, '0', 'tenant1', '1', 'active');
INSERT INTO users VALUES ('users_102', 'User 102', '2023-07-26 08:39:35', '2023-07-26 08:39:35', 'users_1', 'users_15', '', '', '', NULL, '0', NULL, '0', 'tenant1', '1', 'active');
INSERT INTO users VALUES ('users_103', 'User 103', '2023-07-26 08:39:35', '2023-07-26 08:39:35', 'users_11', 'users_10', '', '', '', NULL, '0', NULL, '0', 'tenant1', '1', 'active');
INSERT INTO users VALUES ('users_104', 'User 104', '2023-07-26 08:39:35', '2023-07-26 08:39:35', 'users_17', 'users_15', '', '', '', NULL, '0', NULL, '0', 'tenant1', '1', 'active');
INSERT INTO users VALUES ('users_105', 'User 105', '2023-07-26 08:39:35', '2023-07-26 08:39:35', 'users_4', 'users_17', '', '', '', NULL, '0', NULL, '0', 'tenant1', '1', 'active');
INSERT INTO users VALUES ('users_106', 'User 106', '2023-07-26 08:39:35', '2023-07-26 08:39:35', 'users_14', 'users_18', '', '', '', NULL, '0', NULL, '0', 'tenant1', '1', 'active');
INSERT INTO users VALUES ('users_107', 'User 107', '2023-07-26 08:39:35', '2023-07-26 08:39:35', 'users_9', 'users_12', '', '', '', NULL, '0', NULL, '0', 'tenant1', '1', 'active');
INSERT INTO users VALUES ('users_108', 'User 108', '2023-07-26 08:39:35', '2023-07-26 08:39:35', 'users_12', 'users_4', '', '', '', NULL, '0', NULL, '0', 'tenant1', '1', 'active');
INSERT INTO users VALUES ('users_109', 'User 109', '2023-07-26 08:39:35', '2023-07-26 08:39:35', 'users_4', 'users_8', '', '', '', NULL, '0', NULL, '0', 'tenant1', '1', 'active');
INSERT INTO users VALUES ('users_11', 'User 11', '2023-07-26 08:39:34', '2023-07-26 08:39:34', 'admin', 'admin', '', '', '', NULL, '0', NULL, '0', 'tenant1', '1', 'active');
INSERT INTO users VALUES ('users_110', 'User 110', '2023-07-26 08:39:35', '2023-07-26 08:39:35', 'users_12', 'users_13', '', '', '', NULL, '0', NULL, '0', 'tenant1', '1', 'active');
INSERT INTO users VALUES ('users_111', 'User 111', '2023-07-26 08:39:35', '2023-07-26 08:39:35', 'users_11', 'users_16', '', '', '', NULL, '0', NULL, '0', 'tenant1', '1', 'active');
INSERT INTO users VALUES ('users_112', 'User 112', '2023-07-26 08:39:35', '2023-07-26 08:39:35', 'users_6', 'users_5', '', '', '', NULL, '0', NULL, '0', 'tenant1', '1', 'active');
INSERT INTO users VALUES ('users_113', 'User 113', '2023-07-26 08:39:35', '2023-07-26 08:39:35', 'users_6', 'users_16', '', '', '', NULL, '0', NULL, '0', 'tenant1', '1', 'active');
INSERT INTO users VALUES ('users_114', 'User 114', '2023-07-26 08:39:35', '2023-07-26 08:39:35', 'users_1', 'users_19', '', '', '', NULL, '0', NULL, '0', 'tenant1', '1', 'active');
INSERT INTO users VALUES ('users_115', 'User 115', '2023-07-26 08:39:35', '2023-07-26 08:39:35', 'users_12', 'users_5', '', '', '', NULL, '0', NULL, '0', 'tenant1', '1', 'active');
INSERT INTO users VALUES ('users_116', 'User 116', '2023-07-26 08:39:35', '2023-07-26 08:39:35', 'users_10', 'users_13', '', '', '', NULL, '0', NULL, '0', 'tenant1', '1', 'active');
INSERT INTO users VALUES ('users_117', 'User 117', '2023-07-26 08:39:35', '2023-07-26 08:39:35', 'users_18', 'users_9', '', '', '', NULL, '0', NULL, '0', 'tenant1', '1', 'active');
INSERT INTO users VALUES ('users_118', 'User 118', '2023-07-26 08:39:35', '2023-07-26 08:39:35', 'users_13', 'users_19', '', '', '', NULL, '0', NULL, '0', 'tenant1', '1', 'active');
INSERT INTO users VALUES ('users_119', 'User 119', '2023-07-26 08:39:35', '2023-07-26 08:39:35', 'users_17', 'users_7', '', '', '', NULL, '0', NULL, '0', 'tenant1', '1', 'active');
INSERT INTO users VALUES ('users_12', 'User 12', '2023-07-26 08:39:34', '2023-07-26 08:39:34', 'admin', 'admin', '', '', '', NULL, '0', NULL, '0', 'tenant1', '1', 'active');
INSERT INTO users VALUES ('users_120', 'User 120', '2023-07-26 08:39:35', '2023-07-26 08:39:35', 'users_6', 'users_8', '', '', '', NULL, '0', NULL, '0', 'tenant1', '1', 'active');
INSERT INTO users VALUES ('users_121', 'User 121', '2023-07-26 08:39:35', '2023-07-26 08:39:35', 'users_3', 'users_11', '', '', '', NULL, '0', NULL, '0', 'tenant1', '1', 'active');
INSERT INTO users VALUES ('users_122', 'User 122', '2023-07-26 08:39:35', '2023-07-26 08:39:35', 'users_9', 'users_10', '', '', '', NULL, '0', NULL, '0', 'tenant1', '1', 'active');
INSERT INTO users VALUES ('users_123', 'User 123', '2023-07-26 08:39:35', '2023-07-26 08:39:35', 'users_3', 'users_8', '', '', '', NULL, '0', NULL, '0', 'tenant1', '1', 'active');
INSERT INTO users VALUES ('users_124', 'User 124', '2023-07-26 08:39:35', '2023-07-26 08:39:35', 'users_12', 'users_17', '', '', '', NULL, '0', NULL, '0', 'tenant1', '1', 'active');
INSERT INTO users VALUES ('users_125', 'User 125', '2023-07-26 08:39:35', '2023-07-26 08:39:35', 'users_9', 'users_16', '', '', '', NULL, '0', NULL, '0', 'tenant1', '1', 'active');
INSERT INTO users VALUES ('users_126', 'User 126', '2023-07-26 08:39:35', '2023-07-26 08:39:35', 'users_12', 'users_12', '', '', '', NULL, '0', NULL, '0', 'tenant1', '1', 'active');
INSERT INTO users VALUES ('users_127', 'User 127', '2023-07-26 08:39:35', '2023-07-26 08:39:35', 'users_5', 'users_7', '', '', '', NULL, '0', NULL, '0', 'tenant1', '1', 'active');
INSERT INTO users VALUES ('users_13', 'User 13', '2023-07-26 08:39:34', '2023-07-26 08:39:34', 'admin', 'admin', '', '', '', NULL, '0', NULL, '0', 'tenant1', '1', 'active');
INSERT INTO users VALUES ('users_14', 'User 14', '2023-07-26 08:39:34', '2023-07-26 08:39:34', 'admin', 'admin', '', '', '', NULL, '0', NULL, '0', 'tenant1', '1', 'active');
INSERT INTO users VALUES ('users_15', 'User 15', '2023-07-26 08:39:34', '2023-07-26 08:39:34', 'admin', 'admin', '', '', '', NULL, '0', NULL, '0', 'tenant1', '1', 'active');
INSERT INTO users VALUES ('users_16', 'User 16', '2023-07-26 08:39:34', '2023-07-26 08:39:34', 'admin', 'admin', '', '', '', NULL, '0', NULL, '0', 'tenant1', '1', 'active');
INSERT INTO users VALUES ('users_17', 'User 17', '2023-07-26 08:39:34', '2023-07-26 08:39:34', 'admin', 'admin', '', '', '', NULL, '0', NULL, '0', 'tenant1', '1', 'active');
INSERT INTO users VALUES ('users_18', 'User 18', '2023-07-26 08:39:34', '2023-07-26 08:39:34', 'admin', 'admin', '', '', '', NULL, '0', NULL, '0', 'tenant1', '1', 'active');
INSERT INTO users VALUES ('users_19', 'User 19', '2023-07-26 08:39:34', '2023-07-26 08:39:34', 'admin', 'admin', '', '', '', NULL, '0', NULL, '0', 'tenant1', '1', 'active');
INSERT INTO users VALUES ('users_2', 'User 2', '2023-07-26 08:39:34', '2023-07-26 08:39:34', 'admin', 'admin', '', '', '', NULL, '0', NULL, '0', 'tenant1', '1', 'active');
INSERT INTO users VALUES ('users_20', 'User 20', '2023-07-26 08:39:34', '2023-07-26 08:39:34', 'admin', 'admin', '', '', '', NULL, '0', NULL, '0', 'tenant1', '1', 'active');
INSERT INTO users VALUES ('users_21', 'User 21', '2023-07-26 08:39:34', '2023-07-26 08:39:34', 'admin', 'admin', '', '', '', NULL, '0', NULL, '0', 'tenant1', '1', 'active');
INSERT INTO users VALUES ('users_22', 'User 22', '2023-07-26 08:39:34', '2023-07-26 08:39:34', 'admin', 'admin', '', '', '', NULL, '0', NULL, '0', 'tenant1', '1', 'active');
INSERT INTO users VALUES ('users_23', 'User 23', '2023-07-26 08:39:34', '2023-07-26 08:39:34', 'admin', 'admin', '', '', '', NULL, '0', NULL, '0', 'tenant1', '1', 'active');
INSERT INTO users VALUES ('users_24', 'User 24', '2023-07-26 08:39:34', '2023-07-26 08:39:34', 'admin', 'admin', '', '', '', NULL, '0', NULL, '0', 'tenant1', '1', 'active');
INSERT INTO users VALUES ('users_25', 'User 25', '2023-07-26 08:39:34', '2023-07-26 08:39:34', 'admin', 'admin', '', '', '', NULL, '0', NULL, '0', 'tenant1', '1', 'active');
INSERT INTO users VALUES ('users_26', 'User 26', '2023-07-26 08:39:34', '2023-07-26 08:39:34', 'admin', 'admin', '', '', '', NULL, '0', NULL, '0', 'tenant1', '1', 'active');
INSERT INTO users VALUES ('users_27', 'User 27', '2023-07-26 08:39:34', '2023-07-26 08:39:34', 'admin', 'admin', '', '', '', NULL, '0', NULL, '0', 'tenant1', '1', 'active');
INSERT INTO users VALUES ('users_28', 'User 28', '2023-07-26 08:39:34', '2023-07-26 08:39:34', 'admin', 'admin', '', '', '', NULL, '0', NULL, '0', 'tenant1', '1', 'active');
INSERT INTO users VALUES ('users_29', 'User 29', '2023-07-26 08:39:34', '2023-07-26 08:39:34', 'admin', 'admin', '', '', '', NULL, '0', NULL, '0', 'tenant1', '1', 'active');
INSERT INTO users VALUES ('users_3', 'User 3', '2023-07-26 08:39:34', '2023-07-26 08:39:34', 'admin', 'admin', '', '', '', NULL, '0', NULL, '0', 'tenant1', '1', 'active');
INSERT INTO users VALUES ('users_30', 'User 30', '2023-07-26 08:39:34', '2023-07-26 08:39:34', 'admin', 'admin', '', '', '', NULL, '0', NULL, '0', 'tenant1', '1', 'active');
INSERT INTO users VALUES ('users_31', 'User 31', '2023-07-26 08:39:34', '2023-07-26 08:39:34', 'admin', 'admin', '', '', '', NULL, '0', NULL, '0', 'tenant1', '1', 'active');
INSERT INTO users VALUES ('users_32', 'User 32', '2023-07-26 08:39:34', '2023-07-26 08:39:34', 'admin', 'admin', '', '', '', NULL, '0', NULL, '0', 'tenant1', '1', 'active');
INSERT INTO users VALUES ('users_33', 'User 33', '2023-07-26 08:39:34', '2023-07-26 08:39:34', 'admin', 'admin', '', '', '', NULL, '0', NULL, '0', 'tenant1', '1', 'active');
INSERT INTO users VALUES ('users_34', 'User 34', '2023-07-26 08:39:34', '2023-07-26 08:39:34', 'admin', 'admin', '', '', '', NULL, '0', NULL, '0', 'tenant1', '1', 'active');
INSERT INTO users VALUES ('users_35', 'User 35', '2023-07-26 08:39:34', '2023-07-26 08:39:34', 'admin', 'admin', '', '', '', NULL, '0', NULL, '0', 'tenant1', '1', 'active');
INSERT INTO users VALUES ('users_36', 'User 36', '2023-07-26 08:39:34', '2023-07-26 08:39:34', 'admin', 'admin', '', '', '', NULL, '0', NULL, '0', 'tenant1', '1', 'active');
INSERT INTO users VALUES ('users_37', 'User 37', '2023-07-26 08:39:34', '2023-07-26 08:39:34', 'admin', 'admin', '', '', '', NULL, '0', NULL, '0', 'tenant1', '1', 'active');
INSERT INTO users VALUES ('users_38', 'User 38', '2023-07-26 08:39:35', '2023-07-26 08:39:35', 'admin', 'admin', '', '', '', NULL, '0', NULL, '0', 'tenant1', '1', 'active');
INSERT INTO users VALUES ('users_39', 'User 39', '2023-07-26 08:39:35', '2023-07-26 08:39:35', 'admin', 'admin', '', '', '', NULL, '0', NULL, '0', 'tenant1', '1', 'active');
INSERT INTO users VALUES ('users_4', 'User 4', '2023-07-26 08:39:34', '2023-07-26 08:39:34', 'admin', 'admin', '', '', '', NULL, '0', NULL, '0', 'tenant1', '1', 'active');
INSERT INTO users VALUES ('users_40', 'User 40', '2023-07-26 08:39:35', '2023-07-26 08:39:35', 'admin', 'admin', '', '', '', NULL, '0', NULL, '0', 'tenant1', '1', 'active');
INSERT INTO users VALUES ('users_41', 'User 41', '2023-07-26 08:39:35', '2023-07-26 08:39:35', 'admin', 'admin', '', '', '', NULL, '0', NULL, '0', 'tenant1', '1', 'active');
INSERT INTO users VALUES ('users_42', 'User 42', '2023-07-26 08:39:35', '2023-07-26 08:39:35', 'admin', 'admin', '', '', '', NULL, '0', NULL, '0', 'tenant1', '1', 'active');
INSERT INTO users VALUES ('users_43', 'User 43', '2023-07-26 08:39:35', '2023-07-26 08:39:35', 'admin', 'admin', '', '', '', NULL, '0', NULL, '0', 'tenant1', '1', 'active');
INSERT INTO users VALUES ('users_44', 'User 44', '2023-07-26 08:39:35', '2023-07-26 08:39:35', 'admin', 'admin', '', '', '', NULL, '0', NULL, '0', 'tenant1', '1', 'active');
INSERT INTO users VALUES ('users_45', 'User 45', '2023-07-26 08:39:35', '2023-07-26 08:39:35', 'admin', 'admin', '', '', '', NULL, '0', NULL, '0', 'tenant1', '1', 'active');
INSERT INTO users VALUES ('users_46', 'User 46', '2023-07-26 08:39:35', '2023-07-26 08:39:35', 'admin', 'admin', '', '', '', NULL, '0', NULL, '0', 'tenant1', '1', 'active');
INSERT INTO users VALUES ('users_47', 'User 47', '2023-07-26 08:39:35', '2023-07-26 08:39:35', 'admin', 'admin', '', '', '', NULL, '0', NULL, '0', 'tenant1', '1', 'active');
INSERT INTO users VALUES ('users_48', 'User 48', '2023-07-26 08:39:35', '2023-07-26 08:39:35', 'admin', 'admin', '', '', '', NULL, '0', NULL, '0', 'tenant1', '1', 'active');
INSERT INTO users VALUES ('users_49', 'User 49', '2023-07-26 08:39:35', '2023-07-26 08:39:35', 'admin', 'admin', '', '', '', NULL, '0', NULL, '0', 'tenant1', '1', 'active');
INSERT INTO users VALUES ('users_5', 'User 5', '2023-07-26 08:39:34', '2023-07-26 08:39:34', 'admin', 'admin', '', '', '', NULL, '0', NULL, '0', 'tenant1', '1', 'active');
INSERT INTO users VALUES ('users_50', 'User 50', '2023-07-26 08:39:35', '2023-07-26 08:39:35', 'users_1', 'users_0', '', '', '', NULL, '0', NULL, '0', 'tenant1', '1', 'active');
INSERT INTO users VALUES ('users_51', 'User 51', '2023-07-26 08:39:35', '2023-07-26 08:39:35', 'users_17', 'users_5', '', '', '', NULL, '0', NULL, '0', 'tenant1', '1', 'active');
INSERT INTO users VALUES ('users_52', 'User 52', '2023-07-26 08:39:35', '2023-07-26 08:39:35', 'users_13', 'users_10', '', '', '', NULL, '0', NULL, '0', 'tenant1', '1', 'active');
INSERT INTO users VALUES ('users_53', 'User 53', '2023-07-26 08:39:35', '2023-07-26 08:39:35', 'users_15', 'users_3', '', '', '', NULL, '0', NULL, '0', 'tenant1', '1', 'active');
INSERT INTO users VALUES ('users_54', 'User 54', '2023-07-26 08:39:35', '2023-07-26 08:39:35', 'users_11', 'users_5', '', '', '', NULL, '0', NULL, '0', 'tenant1', '1', 'active');
INSERT INTO users VALUES ('users_55', 'User 55', '2023-07-26 08:39:35', '2023-07-26 08:39:35', 'users_13', 'users_10', '', '', '', NULL, '0', NULL, '0', 'tenant1', '1', 'active');
INSERT INTO users VALUES ('users_56', 'User 56', '2023-07-26 08:39:35', '2023-07-26 08:39:35', 'users_13', 'users_17', '', '', '', NULL, '0', NULL, '0', 'tenant1', '1', 'active');
INSERT INTO users VALUES ('users_57', 'User 57', '2023-07-26 08:39:35', '2023-07-26 08:39:35', 'users_4', 'users_12', '', '', '', NULL, '0', NULL, '0', 'tenant1', '1', 'active');
INSERT INTO users VALUES ('users_58', 'User 58', '2023-07-26 08:39:35', '2023-07-26 08:39:35', 'users_8', 'users_3', '', '', '', NULL, '0', NULL, '0', 'tenant1', '1', 'active');
INSERT INTO users VALUES ('users_59', 'User 59', '2023-07-26 08:39:35', '2023-07-26 08:39:35', 'users_13', 'users_18', '', '', '', NULL, '0', NULL, '0', 'tenant1', '1', 'active');
INSERT INTO users VALUES ('users_6', 'User 6', '2023-07-26 08:39:34', '2023-07-26 08:39:34', 'admin', 'admin', '', '', '', NULL, '0', NULL, '0', 'tenant1', '1', 'active');
INSERT INTO users VALUES ('users_60', 'User 60', '2023-07-26 08:39:35', '2023-07-26 08:39:35', 'users_9', 'users_14', '', '', '', NULL, '0', NULL, '0', 'tenant1', '1', 'active');
INSERT INTO users VALUES ('users_61', 'User 61', '2023-07-26 08:39:35', '2023-07-26 08:39:35', 'users_2', 'users_9', '', '', '', NULL, '0', NULL, '0', 'tenant1', '1', 'active');
INSERT INTO users VALUES ('users_62', 'User 62', '2023-07-26 08:39:35', '2023-07-26 08:39:35', 'users_0', 'users_12', '', '', '', NULL, '0', NULL, '0', 'tenant1', '1', 'active');
INSERT INTO users VALUES ('users_63', 'User 63', '2023-07-26 08:39:35', '2023-07-26 08:39:35', 'users_0', 'users_7', '', '', '', NULL, '0', NULL, '0', 'tenant1', '1', 'active');
INSERT INTO users VALUES ('users_64', 'User 64', '2023-07-26 08:39:35', '2023-07-26 08:39:35', 'users_15', 'users_14', '', '', '', NULL, '0', NULL, '0', 'tenant1', '1', 'active');
INSERT INTO users VALUES ('users_65', 'User 65', '2023-07-26 08:39:35', '2023-07-26 08:39:35', 'users_5', 'users_4', '', '', '', NULL, '0', NULL, '0', 'tenant1', '1', 'active');
INSERT INTO users VALUES ('users_66', 'User 66', '2023-07-26 08:39:35', '2023-07-26 08:39:35', 'users_7', 'users_0', '', '', '', NULL, '0', NULL, '0', 'tenant1', '1', 'active');
INSERT INTO users VALUES ('users_67', 'User 67', '2023-07-26 08:39:35', '2023-07-26 08:39:35', 'users_3', 'users_14', '', '', '', NULL, '0', NULL, '0', 'tenant1', '1', 'active');
INSERT INTO users VALUES ('users_68', 'User 68', '2023-07-26 08:39:35', '2023-07-26 08:39:35', 'users_4', 'users_16', '', '', '', NULL, '0', NULL, '0', 'tenant1', '1', 'active');
INSERT INTO users VALUES ('users_69', 'User 69', '2023-07-26 08:39:35', '2023-07-26 08:39:35', 'users_9', 'users_16', '', '', '', NULL, '0', NULL, '0', 'tenant1', '1', 'active');
INSERT INTO users VALUES ('users_7', 'User 7', '2023-07-26 08:39:34', '2023-07-26 08:39:34', 'admin', 'admin', '', '', '', NULL, '0', NULL, '0', 'tenant1', '1', 'active');
INSERT INTO users VALUES ('users_70', 'User 70', '2023-07-26 08:39:35', '2023-07-26 08:39:35', 'users_13', 'users_19', '', '', '', NULL, '0', NULL, '0', 'tenant1', '1', 'active');
INSERT INTO users VALUES ('users_71', 'User 71', '2023-07-26 08:39:35', '2023-07-26 08:39:35', 'users_18', 'users_10', '', '', '', NULL, '0', NULL, '0', 'tenant1', '1', 'active');
INSERT INTO users VALUES ('users_72', 'User 72', '2023-07-26 08:39:35', '2023-07-26 08:39:35', 'users_0', 'users_9', '', '', '', NULL, '0', NULL, '0', 'tenant1', '1', 'active');
INSERT INTO users VALUES ('users_73', 'User 73', '2023-07-26 08:39:35', '2023-07-26 08:39:35', 'users_7', 'users_7', '', '', '', NULL, '0', NULL, '0', 'tenant1', '1', 'active');
INSERT INTO users VALUES ('users_74', 'User 74', '2023-07-26 08:39:35', '2023-07-26 08:39:35', 'users_13', 'users_6', '', '', '', NULL, '0', NULL, '0', 'tenant1', '1', 'active');
INSERT INTO users VALUES ('users_75', 'User 75', '2023-07-26 08:39:35', '2023-07-26 08:39:35', 'users_13', 'users_7', '', '', '', NULL, '0', NULL, '0', 'tenant1', '1', 'active');
INSERT INTO users VALUES ('users_76', 'User 76', '2023-07-26 08:39:35', '2023-07-26 08:39:35', 'users_18', 'users_9', '', '', '', NULL, '0', NULL, '0', 'tenant1', '1', 'active');
INSERT INTO users VALUES ('users_77', 'User 77', '2023-07-26 08:39:35', '2023-07-26 08:39:35', 'users_9', 'users_0', '', '', '', NULL, '0', NULL, '0', 'tenant1', '1', 'active');
INSERT INTO users VALUES ('users_78', 'User 78', '2023-07-26 08:39:35', '2023-07-26 08:39:35', 'users_13', 'users_4', '', '', '', NULL, '0', NULL, '0', 'tenant1', '1', 'active');
INSERT INTO users VALUES ('users_79', 'User 79', '2023-07-26 08:39:35', '2023-07-26 08:39:35', 'users_2', 'users_18', '', '', '', NULL, '0', NULL, '0', 'tenant1', '1', 'active');
INSERT INTO users VALUES ('users_8', 'User 8', '2023-07-26 08:39:34', '2023-07-26 08:39:34', 'admin', 'admin', '', '', '', NULL, '0', NULL, '0', 'tenant1', '1', 'active');
INSERT INTO users VALUES ('users_80', 'User 80', '2023-07-26 08:39:35', '2023-07-26 08:39:35', 'users_7', 'users_19', '', '', '', NULL, '0', NULL, '0', 'tenant1', '1', 'active');
INSERT INTO users VALUES ('users_81', 'User 81', '2023-07-26 08:39:35', '2023-07-26 08:39:35', 'users_16', 'users_5', '', '', '', NULL, '0', NULL, '0', 'tenant1', '1', 'active');
INSERT INTO users VALUES ('users_82', 'User 82', '2023-07-26 08:39:35', '2023-07-26 08:39:35', 'users_17', 'users_9', '', '', '', NULL, '0', NULL, '0', 'tenant1', '1', 'active');
INSERT INTO users VALUES ('users_83', 'User 83', '2023-07-26 08:39:35', '2023-07-26 08:39:35', 'users_13', 'users_0', '', '', '', NULL, '0', NULL, '0', 'tenant1', '1', 'active');
INSERT INTO users VALUES ('users_84', 'User 84', '2023-07-26 08:39:35', '2023-07-26 08:39:35', 'users_2', 'users_10', '', '', '', NULL, '0', NULL, '0', 'tenant1', '1', 'active');
INSERT INTO users VALUES ('users_85', 'User 85', '2023-07-26 08:39:35', '2023-07-26 08:39:35', 'users_6', 'users_0', '', '', '', NULL, '0', NULL, '0', 'tenant1', '1', 'active');
INSERT INTO users VALUES ('users_86', 'User 86', '2023-07-26 08:39:35', '2023-07-26 08:39:35', 'users_3', 'users_15', '', '', '', NULL, '0', NULL, '0', 'tenant1', '1', 'active');
INSERT INTO users VALUES ('users_87', 'User 87', '2023-07-26 08:39:35', '2023-07-26 08:39:35', 'users_6', 'users_5', '', '', '', NULL, '0', NULL, '0', 'tenant1', '1', 'active');
INSERT INTO users VALUES ('users_88', 'User 88', '2023-07-26 08:39:35', '2023-07-26 08:39:35', 'users_7', 'users_2', '', '', '', NULL, '0', NULL, '0', 'tenant1', '1', 'active');
INSERT INTO users VALUES ('users_89', 'User 89', '2023-07-26 08:39:35', '2023-07-26 08:39:35', 'users_10', 'users_4', '', '', '', NULL, '0', NULL, '0', 'tenant1', '1', 'active');
INSERT INTO users VALUES ('users_9', 'User 9', '2023-07-26 08:39:34', '2023-07-26 08:39:34', 'admin', 'admin', '', '', '', NULL, '0', NULL, '0', 'tenant1', '1', 'active');
INSERT INTO users VALUES ('users_90', 'User 90', '2023-07-26 08:39:35', '2023-07-26 08:39:35', 'users_10', 'users_19', '', '', '', NULL, '0', NULL, '0', 'tenant1', '1', 'active');
INSERT INTO users VALUES ('users_91', 'User 91', '2023-07-26 08:39:35', '2023-07-26 08:39:35', 'users_4', 'users_5', '', '', '', NULL, '0', NULL, '0', 'tenant1', '1', 'active');
INSERT INTO users VALUES ('users_92', 'User 92', '2023-07-26 08:39:35', '2023-07-26 08:39:35', 'users_14', 'users_16', '', '', '', NULL, '0', NULL, '0', 'tenant1', '1', 'active');
INSERT INTO users VALUES ('users_93', 'User 93', '2023-07-26 08:39:35', '2023-07-26 08:39:35', 'users_0', 'users_9', '', '', '', NULL, '0', NULL, '0', 'tenant1', '1', 'active');
INSERT INTO users VALUES ('users_94', 'User 94', '2023-07-26 08:39:35', '2023-07-26 08:39:35', 'users_8', 'users_12', '', '', '', NULL, '0', NULL, '0', 'tenant1', '1', 'active');
INSERT INTO users VALUES ('users_95', 'User 95', '2023-07-26 08:39:35', '2023-07-26 08:39:35', 'users_18', 'users_12', '', '', '', NULL, '0', NULL, '0', 'tenant1', '1', 'active');
INSERT INTO users VALUES ('users_96', 'User 96', '2023-07-26 08:39:35', '2023-07-26 08:39:35', 'users_8', 'users_3', '', '', '', NULL, '0', NULL, '0', 'tenant1', '1', 'active');
INSERT INTO users VALUES ('users_97', 'User 97', '2023-07-26 08:39:35', '2023-07-26 08:39:35', 'users_11', 'users_8', '', '', '', NULL, '0', NULL, '0', 'tenant1', '1', 'active');
INSERT INTO users VALUES ('users_98', 'User 98', '2023-07-26 08:39:35', '2023-07-26 08:39:35', 'users_8', 'users_15', '', '', '', NULL, '0', NULL, '0', 'tenant1', '1', 'active');
INSERT INTO users VALUES ('users_99', 'User 99', '2023-07-26 08:39:35', '2023-07-26 08:39:35', 'users_11', 'users_9', '', '', '', NULL, '0', NULL, '0', 'tenant1', '1', 'active');


-- ----------------------------
-- Records of users_group
-- ----------------------------
INSERT INTO users_group VALUES ('group_0', 'User Group 0', '2023-07-26 08:39:35', '2023-07-26 08:39:35', 'users_4', 'users_19', '', '', '', NULL, '0', NULL, '0', 'tenant1', '1', 'active');
INSERT INTO users_group VALUES ('group_1', 'User Group 1', '2023-07-26 08:39:35', '2023-07-26 08:39:35', 'users_2', 'users_13', '', '', '', NULL, '0', NULL, '0', 'tenant1', '1', 'active');
INSERT INTO users_group VALUES ('group_2', 'User Group 2', '2023-07-26 08:39:35', '2023-07-26 08:39:35', 'users_1', 'users_8', '', '', '', NULL, '0', NULL, '0', 'tenant1', '1', 'active');
INSERT INTO users_group VALUES ('group_3', 'User Group 3', '2023-07-26 08:39:35', '2023-07-26 08:39:35', 'users_16', 'users_17', '', '', '', NULL, '0', NULL, '0', 'tenant1', '1', 'active');
INSERT INTO users_group VALUES ('group_4', 'User Group 4', '2023-07-26 08:39:35', '2023-07-26 08:39:35', 'users_17', 'users_13', '', '', '', NULL, '0', NULL, '0', 'tenant1', '1', 'active');
INSERT INTO users_group VALUES ('group_5', 'User Group 5', '2023-07-26 08:39:35', '2023-07-26 08:39:35', 'users_15', 'users_18', '', '', '', NULL, '0', NULL, '0', 'tenant1', '1', 'active');
INSERT INTO users_group VALUES ('group_6', 'User Group 6', '2023-07-26 08:39:35', '2023-07-26 08:39:35', 'users_4', 'users_6', '', '', '', NULL, '0', NULL, '0', 'tenant1', '1', 'active');


-- ----------------------------
-- Records of users_group_role
-- ----------------------------
INSERT INTO users_group_role VALUES ('role_0', 'group_0');
INSERT INTO users_group_role VALUES ('role_1', 'group_1');
INSERT INTO users_group_role VALUES ('role_2', 'group_2');
INSERT INTO users_group_role VALUES ('role_3', 'group_3');
INSERT INTO users_group_role VALUES ('role_4', 'group_4');
INSERT INTO users_group_role VALUES ('role_5', 'group_5');
INSERT INTO users_group_role VALUES ('role_6', 'group_6');


-- ----------------------------
-- Records of users_organization
-- ----------------------------
INSERT INTO users_organization VALUES ('users_0', 'org_0');
INSERT INTO users_organization VALUES ('users_1', 'org_1');
INSERT INTO users_organization VALUES ('users_2', 'org_2');
INSERT INTO users_organization VALUES ('users_3', 'org_3');
INSERT INTO users_organization VALUES ('users_4', 'org_4');
INSERT INTO users_organization VALUES ('users_5', 'org_5');
INSERT INTO users_organization VALUES ('users_6', 'org_6');
INSERT INTO users_organization VALUES ('users_7', 'org_7');
INSERT INTO users_organization VALUES ('users_8', 'org_8');
INSERT INTO users_organization VALUES ('users_9', 'org_9');
INSERT INTO users_organization VALUES ('users_10', 'org_10');
INSERT INTO users_organization VALUES ('users_11', 'org_11');
INSERT INTO users_organization VALUES ('users_12', 'org_12');
INSERT INTO users_organization VALUES ('users_13', 'org_13');
INSERT INTO users_organization VALUES ('users_14', 'org_14');
INSERT INTO users_organization VALUES ('users_15', 'org_15');
INSERT INTO users_organization VALUES ('users_16', 'org_16');
INSERT INTO users_organization VALUES ('users_17', 'org_17');
INSERT INTO users_organization VALUES ('users_18', 'org_18');
INSERT INTO users_organization VALUES ('users_19', 'org_19');
INSERT INTO users_organization VALUES ('users_20', 'org_0');
INSERT INTO users_organization VALUES ('users_21', 'org_1');
INSERT INTO users_organization VALUES ('users_22', 'org_2');
INSERT INTO users_organization VALUES ('users_23', 'org_3');
INSERT INTO users_organization VALUES ('users_24', 'org_4');
INSERT INTO users_organization VALUES ('users_25', 'org_5');
INSERT INTO users_organization VALUES ('users_26', 'org_6');
INSERT INTO users_organization VALUES ('users_27', 'org_7');
INSERT INTO users_organization VALUES ('users_28', 'org_8');
INSERT INTO users_organization VALUES ('users_29', 'org_9');
INSERT INTO users_organization VALUES ('users_30', 'org_10');
INSERT INTO users_organization VALUES ('users_31', 'org_11');
INSERT INTO users_organization VALUES ('users_32', 'org_12');
INSERT INTO users_organization VALUES ('users_33', 'org_13');
INSERT INTO users_organization VALUES ('users_34', 'org_14');
INSERT INTO users_organization VALUES ('users_35', 'org_15');
INSERT INTO users_organization VALUES ('users_36', 'org_16');
INSERT INTO users_organization VALUES ('users_37', 'org_17');
INSERT INTO users_organization VALUES ('users_38', 'org_18');
INSERT INTO users_organization VALUES ('users_39', 'org_19');
INSERT INTO users_organization VALUES ('users_40', 'org_0');
INSERT INTO users_organization VALUES ('users_41', 'org_1');
INSERT INTO users_organization VALUES ('users_42', 'org_2');
INSERT INTO users_organization VALUES ('users_43', 'org_3');
INSERT INTO users_organization VALUES ('users_44', 'org_4');
INSERT INTO users_organization VALUES ('users_45', 'org_5');
INSERT INTO users_organization VALUES ('users_46', 'org_6');
INSERT INTO users_organization VALUES ('users_47', 'org_7');
INSERT INTO users_organization VALUES ('users_48', 'org_8');
INSERT INTO users_organization VALUES ('users_49', 'org_9');
INSERT INTO users_organization VALUES ('users_50', 'org_10');
INSERT INTO users_organization VALUES ('users_51', 'org_11');
INSERT INTO users_organization VALUES ('users_52', 'org_12');
INSERT INTO users_organization VALUES ('users_53', 'org_13');
INSERT INTO users_organization VALUES ('users_54', 'org_14');
INSERT INTO users_organization VALUES ('users_55', 'org_15');
INSERT INTO users_organization VALUES ('users_56', 'org_16');
INSERT INTO users_organization VALUES ('users_57', 'org_17');
INSERT INTO users_organization VALUES ('users_58', 'org_18');
INSERT INTO users_organization VALUES ('users_59', 'org_19');
INSERT INTO users_organization VALUES ('users_60', 'org_0');
INSERT INTO users_organization VALUES ('users_61', 'org_1');
INSERT INTO users_organization VALUES ('users_62', 'org_2');
INSERT INTO users_organization VALUES ('users_63', 'org_3');
INSERT INTO users_organization VALUES ('users_64', 'org_4');
INSERT INTO users_organization VALUES ('users_65', 'org_5');
INSERT INTO users_organization VALUES ('users_66', 'org_6');
INSERT INTO users_organization VALUES ('users_67', 'org_7');
INSERT INTO users_organization VALUES ('users_68', 'org_8');
INSERT INTO users_organization VALUES ('users_69', 'org_9');
INSERT INTO users_organization VALUES ('users_70', 'org_10');
INSERT INTO users_organization VALUES ('users_71', 'org_11');
INSERT INTO users_organization VALUES ('users_72', 'org_12');
INSERT INTO users_organization VALUES ('users_73', 'org_13');
INSERT INTO users_organization VALUES ('users_74', 'org_14');
INSERT INTO users_organization VALUES ('users_75', 'org_15');
INSERT INTO users_organization VALUES ('users_76', 'org_16');
INSERT INTO users_organization VALUES ('users_77', 'org_17');
INSERT INTO users_organization VALUES ('users_78', 'org_18');
INSERT INTO users_organization VALUES ('users_79', 'org_19');
INSERT INTO users_organization VALUES ('users_80', 'org_0');
INSERT INTO users_organization VALUES ('users_81', 'org_1');
INSERT INTO users_organization VALUES ('users_82', 'org_2');
INSERT INTO users_organization VALUES ('users_83', 'org_3');
INSERT INTO users_organization VALUES ('users_84', 'org_4');
INSERT INTO users_organization VALUES ('users_85', 'org_5');
INSERT INTO users_organization VALUES ('users_86', 'org_6');
INSERT INTO users_organization VALUES ('users_87', 'org_7');
INSERT INTO users_organization VALUES ('users_88', 'org_8');
INSERT INTO users_organization VALUES ('users_89', 'org_9');
INSERT INTO users_organization VALUES ('users_90', 'org_10');
INSERT INTO users_organization VALUES ('users_91', 'org_11');
INSERT INTO users_organization VALUES ('users_92', 'org_12');
INSERT INTO users_organization VALUES ('users_93', 'org_13');
INSERT INTO users_organization VALUES ('users_94', 'org_14');
INSERT INTO users_organization VALUES ('users_95', 'org_15');
INSERT INTO users_organization VALUES ('users_96', 'org_16');
INSERT INTO users_organization VALUES ('users_97', 'org_17');
INSERT INTO users_organization VALUES ('users_98', 'org_18');
INSERT INTO users_organization VALUES ('users_99', 'org_19');
INSERT INTO users_organization VALUES ('users_100', 'org_0');
INSERT INTO users_organization VALUES ('users_101', 'org_1');
INSERT INTO users_organization VALUES ('users_102', 'org_2');
INSERT INTO users_organization VALUES ('users_103', 'org_3');
INSERT INTO users_organization VALUES ('users_104', 'org_4');
INSERT INTO users_organization VALUES ('users_105', 'org_5');
INSERT INTO users_organization VALUES ('users_106', 'org_6');
INSERT INTO users_organization VALUES ('users_107', 'org_7');
INSERT INTO users_organization VALUES ('users_108', 'org_8');
INSERT INTO users_organization VALUES ('users_109', 'org_9');
INSERT INTO users_organization VALUES ('users_110', 'org_10');
INSERT INTO users_organization VALUES ('users_111', 'org_11');
INSERT INTO users_organization VALUES ('users_112', 'org_12');
INSERT INTO users_organization VALUES ('users_113', 'org_13');
INSERT INTO users_organization VALUES ('users_114', 'org_14');
INSERT INTO users_organization VALUES ('users_115', 'org_15');
INSERT INTO users_organization VALUES ('users_116', 'org_16');
INSERT INTO users_organization VALUES ('users_117', 'org_17');
INSERT INTO users_organization VALUES ('users_118', 'org_18');
INSERT INTO users_organization VALUES ('users_119', 'org_19');
INSERT INTO users_organization VALUES ('users_120', 'org_0');
INSERT INTO users_organization VALUES ('users_121', 'org_1');
INSERT INTO users_organization VALUES ('users_122', 'org_2');
INSERT INTO users_organization VALUES ('users_123', 'org_3');
INSERT INTO users_organization VALUES ('users_124', 'org_4');
INSERT INTO users_organization VALUES ('users_125', 'org_5');
INSERT INTO users_organization VALUES ('users_126', 'org_6');
INSERT INTO users_organization VALUES ('users_127', 'org_7');


-- ----------------------------
-- Records of users_role
-- ----------------------------
INSERT INTO users_role VALUES ('users_0', 'role_0');
INSERT INTO users_role VALUES ('users_1', 'role_1');
INSERT INTO users_role VALUES ('users_2', 'role_2');
INSERT INTO users_role VALUES ('users_3', 'role_3');
INSERT INTO users_role VALUES ('users_4', 'role_4');
INSERT INTO users_role VALUES ('users_5', 'role_5');
INSERT INTO users_role VALUES ('users_6', 'role_6');
INSERT INTO users_role VALUES ('users_7', 'role_7');
INSERT INTO users_role VALUES ('users_8', 'role_8');
INSERT INTO users_role VALUES ('users_9', 'role_9');
INSERT INTO users_role VALUES ('users_10', 'role_0');
INSERT INTO users_role VALUES ('users_11', 'role_1');
INSERT INTO users_role VALUES ('users_12', 'role_2');
INSERT INTO users_role VALUES ('users_13', 'role_3');
INSERT INTO users_role VALUES ('users_14', 'role_4');
INSERT INTO users_role VALUES ('users_15', 'role_5');
INSERT INTO users_role VALUES ('users_16', 'role_6');
INSERT INTO users_role VALUES ('users_17', 'role_7');
INSERT INTO users_role VALUES ('users_18', 'role_8');
INSERT INTO users_role VALUES ('users_19', 'role_9');
INSERT INTO users_role VALUES ('users_20', 'role_0');
INSERT INTO users_role VALUES ('users_21', 'role_1');
INSERT INTO users_role VALUES ('users_22', 'role_2');
INSERT INTO users_role VALUES ('users_23', 'role_3');
INSERT INTO users_role VALUES ('users_24', 'role_4');
INSERT INTO users_role VALUES ('users_25', 'role_5');
INSERT INTO users_role VALUES ('users_26', 'role_6');
INSERT INTO users_role VALUES ('users_27', 'role_7');
INSERT INTO users_role VALUES ('users_28', 'role_8');
INSERT INTO users_role VALUES ('users_29', 'role_9');
INSERT INTO users_role VALUES ('users_30', 'role_0');
INSERT INTO users_role VALUES ('users_31', 'role_1');
INSERT INTO users_role VALUES ('users_32', 'role_2');
INSERT INTO users_role VALUES ('users_33', 'role_3');
INSERT INTO users_role VALUES ('users_34', 'role_4');
INSERT INTO users_role VALUES ('users_35', 'role_5');
INSERT INTO users_role VALUES ('users_36', 'role_6');
INSERT INTO users_role VALUES ('users_37', 'role_7');
INSERT INTO users_role VALUES ('users_38', 'role_8');
INSERT INTO users_role VALUES ('users_39', 'role_9');
INSERT INTO users_role VALUES ('users_40', 'role_0');
INSERT INTO users_role VALUES ('users_41', 'role_1');
INSERT INTO users_role VALUES ('users_42', 'role_2');
INSERT INTO users_role VALUES ('users_43', 'role_3');
INSERT INTO users_role VALUES ('users_44', 'role_4');
INSERT INTO users_role VALUES ('users_45', 'role_5');
INSERT INTO users_role VALUES ('users_46', 'role_6');
INSERT INTO users_role VALUES ('users_47', 'role_7');
INSERT INTO users_role VALUES ('users_48', 'role_8');
INSERT INTO users_role VALUES ('users_49', 'role_9');
INSERT INTO users_role VALUES ('users_50', 'role_0');
INSERT INTO users_role VALUES ('users_51', 'role_1');
INSERT INTO users_role VALUES ('users_52', 'role_2');
INSERT INTO users_role VALUES ('users_53', 'role_3');
INSERT INTO users_role VALUES ('users_54', 'role_4');
INSERT INTO users_role VALUES ('users_55', 'role_5');
INSERT INTO users_role VALUES ('users_56', 'role_6');
INSERT INTO users_role VALUES ('users_57', 'role_7');
INSERT INTO users_role VALUES ('users_58', 'role_8');
INSERT INTO users_role VALUES ('users_59', 'role_9');
INSERT INTO users_role VALUES ('users_60', 'role_0');
INSERT INTO users_role VALUES ('users_61', 'role_1');
INSERT INTO users_role VALUES ('users_62', 'role_2');
INSERT INTO users_role VALUES ('users_63', 'role_3');
INSERT INTO users_role VALUES ('users_64', 'role_4');
INSERT INTO users_role VALUES ('users_65', 'role_5');
INSERT INTO users_role VALUES ('users_66', 'role_6');
INSERT INTO users_role VALUES ('users_67', 'role_7');
INSERT INTO users_role VALUES ('users_68', 'role_8');
INSERT INTO users_role VALUES ('users_69', 'role_9');
INSERT INTO users_role VALUES ('users_70', 'role_0');
INSERT INTO users_role VALUES ('users_71', 'role_1');
INSERT INTO users_role VALUES ('users_72', 'role_2');
INSERT INTO users_role VALUES ('users_73', 'role_3');
INSERT INTO users_role VALUES ('users_74', 'role_4');
INSERT INTO users_role VALUES ('users_75', 'role_5');
INSERT INTO users_role VALUES ('users_76', 'role_6');
INSERT INTO users_role VALUES ('users_77', 'role_7');
INSERT INTO users_role VALUES ('users_78', 'role_8');
INSERT INTO users_role VALUES ('users_79', 'role_9');
INSERT INTO users_role VALUES ('users_80', 'role_0');
INSERT INTO users_role VALUES ('users_81', 'role_1');
INSERT INTO users_role VALUES ('users_82', 'role_2');
INSERT INTO users_role VALUES ('users_83', 'role_3');
INSERT INTO users_role VALUES ('users_84', 'role_4');
INSERT INTO users_role VALUES ('users_85', 'role_5');
INSERT INTO users_role VALUES ('users_86', 'role_6');
INSERT INTO users_role VALUES ('users_87', 'role_7');
INSERT INTO users_role VALUES ('users_88', 'role_8');
INSERT INTO users_role VALUES ('users_89', 'role_9');
INSERT INTO users_role VALUES ('users_90', 'role_0');
INSERT INTO users_role VALUES ('users_91', 'role_1');
INSERT INTO users_role VALUES ('users_92', 'role_2');
INSERT INTO users_role VALUES ('users_93', 'role_3');
INSERT INTO users_role VALUES ('users_94', 'role_4');
INSERT INTO users_role VALUES ('users_95', 'role_5');
INSERT INTO users_role VALUES ('users_96', 'role_6');
INSERT INTO users_role VALUES ('users_97', 'role_7');
INSERT INTO users_role VALUES ('users_98', 'role_8');
INSERT INTO users_role VALUES ('users_99', 'role_9');
INSERT INTO users_role VALUES ('users_100', 'role_0');
INSERT INTO users_role VALUES ('users_101', 'role_1');
INSERT INTO users_role VALUES ('users_102', 'role_2');
INSERT INTO users_role VALUES ('users_103', 'role_3');
INSERT INTO users_role VALUES ('users_104', 'role_4');
INSERT INTO users_role VALUES ('users_105', 'role_5');
INSERT INTO users_role VALUES ('users_106', 'role_6');
INSERT INTO users_role VALUES ('users_107', 'role_7');
INSERT INTO users_role VALUES ('users_108', 'role_8');
INSERT INTO users_role VALUES ('users_109', 'role_9');
INSERT INTO users_role VALUES ('users_110', 'role_0');
INSERT INTO users_role VALUES ('users_111', 'role_1');
INSERT INTO users_role VALUES ('users_112', 'role_2');
INSERT INTO users_role VALUES ('users_113', 'role_3');
INSERT INTO users_role VALUES ('users_114', 'role_4');
INSERT INTO users_role VALUES ('users_115', 'role_5');
INSERT INTO users_role VALUES ('users_116', 'role_6');
INSERT INTO users_role VALUES ('users_117', 'role_7');
INSERT INTO users_role VALUES ('users_118', 'role_8');
INSERT INTO users_role VALUES ('users_119', 'role_9');
INSERT INTO users_role VALUES ('users_120', 'role_0');
INSERT INTO users_role VALUES ('users_121', 'role_1');
INSERT INTO users_role VALUES ('users_122', 'role_2');
INSERT INTO users_role VALUES ('users_123', 'role_3');
INSERT INTO users_role VALUES ('users_124', 'role_4');
INSERT INTO users_role VALUES ('users_125', 'role_5');
INSERT INTO users_role VALUES ('users_126', 'role_6');
INSERT INTO users_role VALUES ('users_127', 'role_7');


-- ----------------------------
-- Records of users_users_group
-- ----------------------------
INSERT INTO users_users_group VALUES ('users_0', 'group_0');
INSERT INTO users_users_group VALUES ('users_1', 'group_1');
INSERT INTO users_users_group VALUES ('users_2', 'group_2');
INSERT INTO users_users_group VALUES ('users_3', 'group_3');
INSERT INTO users_users_group VALUES ('users_4', 'group_4');
INSERT INTO users_users_group VALUES ('users_5', 'group_5');
INSERT INTO users_users_group VALUES ('users_6', 'group_6');
INSERT INTO users_users_group VALUES ('users_7', 'group_0');
INSERT INTO users_users_group VALUES ('users_8', 'group_1');
INSERT INTO users_users_group VALUES ('users_9', 'group_2');
INSERT INTO users_users_group VALUES ('users_10', 'group_3');
INSERT INTO users_users_group VALUES ('users_11', 'group_4');
INSERT INTO users_users_group VALUES ('users_12', 'group_5');
INSERT INTO users_users_group VALUES ('users_13', 'group_6');
INSERT INTO users_users_group VALUES ('users_14', 'group_0');
INSERT INTO users_users_group VALUES ('users_15', 'group_1');
INSERT INTO users_users_group VALUES ('users_16', 'group_2');
INSERT INTO users_users_group VALUES ('users_17', 'group_3');
INSERT INTO users_users_group VALUES ('users_18', 'group_4');
INSERT INTO users_users_group VALUES ('users_19', 'group_5');
INSERT INTO users_users_group VALUES ('users_20', 'group_6');
INSERT INTO users_users_group VALUES ('users_21', 'group_0');
INSERT INTO users_users_group VALUES ('users_22', 'group_1');
INSERT INTO users_users_group VALUES ('users_23', 'group_2');
INSERT INTO users_users_group VALUES ('users_24', 'group_3');
INSERT INTO users_users_group VALUES ('users_25', 'group_4');
INSERT INTO users_users_group VALUES ('users_26', 'group_5');
INSERT INTO users_users_group VALUES ('users_27', 'group_6');
INSERT INTO users_users_group VALUES ('users_28', 'group_0');
INSERT INTO users_users_group VALUES ('users_29', 'group_1');
INSERT INTO users_users_group VALUES ('users_30', 'group_2');
INSERT INTO users_users_group VALUES ('users_31', 'group_3');
INSERT INTO users_users_group VALUES ('users_32', 'group_4');
INSERT INTO users_users_group VALUES ('users_33', 'group_5');
INSERT INTO users_users_group VALUES ('users_34', 'group_6');
INSERT INTO users_users_group VALUES ('users_35', 'group_0');
INSERT INTO users_users_group VALUES ('users_36', 'group_1');
INSERT INTO users_users_group VALUES ('users_37', 'group_2');
INSERT INTO users_users_group VALUES ('users_38', 'group_3');
INSERT INTO users_users_group VALUES ('users_39', 'group_4');
INSERT INTO users_users_group VALUES ('users_40', 'group_5');
INSERT INTO users_users_group VALUES ('users_41', 'group_6');
INSERT INTO users_users_group VALUES ('users_42', 'group_0');
INSERT INTO users_users_group VALUES ('users_43', 'group_1');
INSERT INTO users_users_group VALUES ('users_44', 'group_2');
INSERT INTO users_users_group VALUES ('users_45', 'group_3');
INSERT INTO users_users_group VALUES ('users_46', 'group_4');
INSERT INTO users_users_group VALUES ('users_47', 'group_5');
INSERT INTO users_users_group VALUES ('users_48', 'group_6');
INSERT INTO users_users_group VALUES ('users_49', 'group_0');
INSERT INTO users_users_group VALUES ('users_50', 'group_1');
INSERT INTO users_users_group VALUES ('users_51', 'group_2');
INSERT INTO users_users_group VALUES ('users_52', 'group_3');
INSERT INTO users_users_group VALUES ('users_53', 'group_4');
INSERT INTO users_users_group VALUES ('users_54', 'group_5');
INSERT INTO users_users_group VALUES ('users_55', 'group_6');
INSERT INTO users_users_group VALUES ('users_56', 'group_0');
INSERT INTO users_users_group VALUES ('users_57', 'group_1');
INSERT INTO users_users_group VALUES ('users_58', 'group_2');
INSERT INTO users_users_group VALUES ('users_59', 'group_3');
INSERT INTO users_users_group VALUES ('users_60', 'group_4');
INSERT INTO users_users_group VALUES ('users_61', 'group_5');
INSERT INTO users_users_group VALUES ('users_62', 'group_6');
INSERT INTO users_users_group VALUES ('users_63', 'group_0');
INSERT INTO users_users_group VALUES ('users_64', 'group_1');
INSERT INTO users_users_group VALUES ('users_65', 'group_2');
INSERT INTO users_users_group VALUES ('users_66', 'group_3');
INSERT INTO users_users_group VALUES ('users_67', 'group_4');
INSERT INTO users_users_group VALUES ('users_68', 'group_5');
INSERT INTO users_users_group VALUES ('users_69', 'group_6');
INSERT INTO users_users_group VALUES ('users_70', 'group_0');
INSERT INTO users_users_group VALUES ('users_71', 'group_1');
INSERT INTO users_users_group VALUES ('users_72', 'group_2');
INSERT INTO users_users_group VALUES ('users_73', 'group_3');
INSERT INTO users_users_group VALUES ('users_74', 'group_4');
INSERT INTO users_users_group VALUES ('users_75', 'group_5');
INSERT INTO users_users_group VALUES ('users_76', 'group_6');
INSERT INTO users_users_group VALUES ('users_77', 'group_0');
INSERT INTO users_users_group VALUES ('users_78', 'group_1');
INSERT INTO users_users_group VALUES ('users_79', 'group_2');
INSERT INTO users_users_group VALUES ('users_80', 'group_3');
INSERT INTO users_users_group VALUES ('users_81', 'group_4');
INSERT INTO users_users_group VALUES ('users_82', 'group_5');
INSERT INTO users_users_group VALUES ('users_83', 'group_6');
INSERT INTO users_users_group VALUES ('users_84', 'group_0');
INSERT INTO users_users_group VALUES ('users_85', 'group_1');
INSERT INTO users_users_group VALUES ('users_86', 'group_2');
INSERT INTO users_users_group VALUES ('users_87', 'group_3');
INSERT INTO users_users_group VALUES ('users_88', 'group_4');
INSERT INTO users_users_group VALUES ('users_89', 'group_5');
INSERT INTO users_users_group VALUES ('users_90', 'group_6');
INSERT INTO users_users_group VALUES ('users_91', 'group_0');
INSERT INTO users_users_group VALUES ('users_92', 'group_1');
INSERT INTO users_users_group VALUES ('users_93', 'group_2');
INSERT INTO users_users_group VALUES ('users_94', 'group_3');
INSERT INTO users_users_group VALUES ('users_95', 'group_4');
INSERT INTO users_users_group VALUES ('users_96', 'group_5');
INSERT INTO users_users_group VALUES ('users_97', 'group_6');
INSERT INTO users_users_group VALUES ('users_98', 'group_0');
INSERT INTO users_users_group VALUES ('users_99', 'group_1');
INSERT INTO users_users_group VALUES ('users_100', 'group_2');
INSERT INTO users_users_group VALUES ('users_101', 'group_3');
INSERT INTO users_users_group VALUES ('users_102', 'group_4');
INSERT INTO users_users_group VALUES ('users_103', 'group_5');
INSERT INTO users_users_group VALUES ('users_104', 'group_6');
INSERT INTO users_users_group VALUES ('users_105', 'group_0');
INSERT INTO users_users_group VALUES ('users_106', 'group_1');
INSERT INTO users_users_group VALUES ('users_107', 'group_2');
INSERT INTO users_users_group VALUES ('users_108', 'group_3');
INSERT INTO users_users_group VALUES ('users_109', 'group_4');
INSERT INTO users_users_group VALUES ('users_110', 'group_5');
INSERT INTO users_users_group VALUES ('users_111', 'group_6');
INSERT INTO users_users_group VALUES ('users_112', 'group_0');
INSERT INTO users_users_group VALUES ('users_113', 'group_1');
INSERT INTO users_users_group VALUES ('users_114', 'group_2');
INSERT INTO users_users_group VALUES ('users_115', 'group_3');
INSERT INTO users_users_group VALUES ('users_116', 'group_4');
INSERT INTO users_users_group VALUES ('users_117', 'group_5');
INSERT INTO users_users_group VALUES ('users_118', 'group_6');
INSERT INTO users_users_group VALUES ('users_119', 'group_0');
INSERT INTO users_users_group VALUES ('users_120', 'group_1');
INSERT INTO users_users_group VALUES ('users_121', 'group_2');
INSERT INTO users_users_group VALUES ('users_122', 'group_3');
INSERT INTO users_users_group VALUES ('users_123', 'group_4');
INSERT INTO users_users_group VALUES ('users_124', 'group_5');
INSERT INTO users_users_group VALUES ('users_125', 'group_6');
INSERT INTO users_users_group VALUES ('users_126', 'group_0');
INSERT INTO users_users_group VALUES ('users_127', 'group_1');
