
-- ----------------------------
-- Records of organization
-- ----------------------------
INSERT INTO organization VALUES ('org_0', 'Organization 0', NULL, '2023-07-26 08:39:34', '2023-07-26 08:39:34', 'admin', 'admin', '', '', '', NULL, 0, NULL, 0, 'tenant1', 1, 'active');
INSERT INTO organization VALUES ('org_1', 'Organization 1', NULL, '2023-07-26 08:39:34', '2023-07-26 08:39:34', 'admin', 'admin', '', '', '', NULL, 0, NULL, 0, 'tenant1', 1, 'active');
INSERT INTO organization VALUES ('org_10', 'Organization 10', NULL, '2023-07-26 08:39:34', '2023-07-26 08:39:34', 'admin', 'admin', '', '', '', NULL, 0, NULL, 0, 'tenant1', 1, 'active');
INSERT INTO organization VALUES ('org_11', 'Organization 11', NULL, '2023-07-26 08:39:34', '2023-07-26 08:39:34', 'admin', 'admin', '', '', '', NULL, 0, NULL, 0, 'tenant1', 1, 'active');
INSERT INTO organization VALUES ('org_12', 'Organization 12', NULL, '2023-07-26 08:39:34', '2023-07-26 08:39:34', 'admin', 'admin', '', '', '', NULL, 0, NULL, 0, 'tenant1', 1, 'active');
INSERT INTO organization VALUES ('org_13', 'Organization 13', NULL, '2023-07-26 08:39:34', '2023-07-26 08:39:34', 'admin', 'admin', '', '', '', NULL, 0, NULL, 0, 'tenant1', 1, 'active');
INSERT INTO organization VALUES ('org_14', 'Organization 14', NULL, '2023-07-26 08:39:34', '2023-07-26 08:39:34', 'admin', 'admin', '', '', '', NULL, 0, NULL, 0, 'tenant1', 1, 'active');
INSERT INTO organization VALUES ('org_15', 'Organization 15', NULL, '2023-07-26 08:39:34', '2023-07-26 08:39:34', 'admin', 'admin', '', '', '', NULL, 0, NULL, 0, 'tenant1', 1, 'active');
INSERT INTO organization VALUES ('org_16', 'Organization 16', NULL, '2023-07-26 08:39:34', '2023-07-26 08:39:34', 'admin', 'admin', '', '', '', NULL, 0, NULL, 0, 'tenant1', 1, 'active');
INSERT INTO organization VALUES ('org_17', 'Organization 17', NULL, '2023-07-26 08:39:34', '2023-07-26 08:39:34', 'admin', 'admin', '', '', '', NULL, 0, NULL, 0, 'tenant1', 1, 'active');
INSERT INTO organization VALUES ('org_18', 'Organization 18', NULL, '2023-07-26 08:39:34', '2023-07-26 08:39:34', 'admin', 'admin', '', '', '', NULL, 0, NULL, 0, 'tenant1', 1, 'active');
INSERT INTO organization VALUES ('org_19', 'Organization 19', NULL, '2023-07-26 08:39:34', '2023-07-26 08:39:34', 'admin', 'admin', '', '', '', NULL, 0, NULL, 0, 'tenant1', 1, 'active');
INSERT INTO organization VALUES ('org_2', 'Organization 2', NULL, '2023-07-26 08:39:34', '2023-07-26 08:39:34', 'admin', 'admin', '', '', '', NULL, 0, NULL, 0, 'tenant1', 1, 'active');
INSERT INTO organization VALUES ('org_3', 'Organization 3', NULL, '2023-07-26 08:39:34', '2023-07-26 08:39:34', 'admin', 'admin', '', '', '', NULL, 0, NULL, 0, 'tenant1', 1, 'active');
INSERT INTO organization VALUES ('org_4', 'Organization 4', NULL, '2023-07-26 08:39:34', '2023-07-26 08:39:34', 'admin', 'admin', '', '', '', NULL, 0, NULL, 0, 'tenant1', 1, 'active');
INSERT INTO organization VALUES ('org_5', 'Organization 5', NULL, '2023-07-26 08:39:34', '2023-07-26 08:39:34', 'admin', 'admin', '', '', '', NULL, 0, NULL, 0, 'tenant1', 1, 'active');
INSERT INTO organization VALUES ('org_6', 'Organization 6', NULL, '2023-07-26 08:39:34', '2023-07-26 08:39:34', 'admin', 'admin', '', '', '', NULL, 0, NULL, 0, 'tenant1', 1, 'active');
INSERT INTO organization VALUES ('org_7', 'Organization 7', NULL, '2023-07-26 08:39:34', '2023-07-26 08:39:34', 'admin', 'admin', '', '', '', NULL, 0, NULL, 0, 'tenant1', 1, 'active');
INSERT INTO organization VALUES ('org_8', 'Organization 8', NULL, '2023-07-26 08:39:34', '2023-07-26 08:39:34', 'admin', 'admin', '', '', '', NULL, 0, NULL, 0, 'tenant1', 1, 'active');
INSERT INTO organization VALUES ('org_9', 'Organization 9', NULL, '2023-07-26 08:39:34', '2023-07-26 08:39:34', 'admin', 'admin', '', '', '', NULL, 0, NULL, 0, 'tenant1', 1, 'active');


-- ----------------------------
-- Records of organization_role
-- ----------------------------

-- ----------------------------
-- Records of permission
-- ----------------------------
INSERT INTO permission VALUES ('perm_0', 'Permission 0', 'type', NULL, '2023-07-26 08:39:35', '2023-07-26 08:39:35', 'admin', 'admin', '', '', '', NULL, 0, NULL, 0, 'tenant1', 1, 'active');
INSERT INTO permission VALUES ('perm_1', 'Permission 1', 'type', NULL, '2023-07-26 08:39:35', '2023-07-26 08:39:35', 'admin', 'admin', '', '', '', NULL, 0, NULL, 0, 'tenant1', 1, 'active');
INSERT INTO permission VALUES ('perm_10', 'Permission 10', 'type', NULL, '2023-07-26 08:39:35', '2023-07-26 08:39:35', 'admin', 'admin', '', '', '', NULL, 0, NULL, 0, 'tenant1', 1, 'active');
INSERT INTO permission VALUES ('perm_11', 'Permission 11', 'type', NULL, '2023-07-26 08:39:35', '2023-07-26 08:39:35', 'admin', 'admin', '', '', '', NULL, 0, NULL, 0, 'tenant1', 1, 'active');
INSERT INTO permission VALUES ('perm_12', 'Permission 12', 'type', NULL, '2023-07-26 08:39:35', '2023-07-26 08:39:35', 'admin', 'admin', '', '', '', NULL, 0, NULL, 0, 'tenant1', 1, 'active');
INSERT INTO permission VALUES ('perm_13', 'Permission 13', 'type', NULL, '2023-07-26 08:39:35', '2023-07-26 08:39:35', 'admin', 'admin', '', '', '', NULL, 0, NULL, 0, 'tenant1', 1, 'active');
INSERT INTO permission VALUES ('perm_14', 'Permission 14', 'type', NULL, '2023-07-26 08:39:35', '2023-07-26 08:39:35', 'admin', 'admin', '', '', '', NULL, 0, NULL, 0, 'tenant1', 1, 'active');
INSERT INTO permission VALUES ('perm_15', 'Permission 15', 'type', NULL, '2023-07-26 08:39:35', '2023-07-26 08:39:35', 'admin', 'admin', '', '', '', NULL, 0, NULL, 0, 'tenant1', 1, 'active');
INSERT INTO permission VALUES ('perm_16', 'Permission 16', 'type', NULL, '2023-07-26 08:39:35', '2023-07-26 08:39:35', 'admin', 'admin', '', '', '', NULL, 0, NULL, 0, 'tenant1', 1, 'active');
INSERT INTO permission VALUES ('perm_17', 'Permission 17', 'type', NULL, '2023-07-26 08:39:35', '2023-07-26 08:39:35', 'admin', 'admin', '', '', '', NULL, 0, NULL, 0, 'tenant1', 1, 'active');
INSERT INTO permission VALUES ('perm_18', 'Permission 18', 'type', NULL, '2023-07-26 08:39:35', '2023-07-26 08:39:35', 'admin', 'admin', '', '', '', NULL, 0, NULL, 0, 'tenant1', 1, 'active');
INSERT INTO permission VALUES ('perm_19', 'Permission 19', 'type', NULL, '2023-07-26 08:39:35', '2023-07-26 08:39:35', 'admin', 'admin', '', '', '', NULL, 0, NULL, 0, 'tenant1', 1, 'active');
INSERT INTO permission VALUES ('perm_2', 'Permission 2', 'type', NULL, '2023-07-26 08:39:35', '2023-07-26 08:39:35', 'admin', 'admin', '', '', '', NULL, 0, NULL, 0, 'tenant1', 1, 'active');
INSERT INTO permission VALUES ('perm_20', 'Permission 20', 'type', NULL, '2023-07-26 08:39:35', '2023-07-26 08:39:35', 'admin', 'admin', '', '', '', NULL, 0, NULL, 0, 'tenant1', 1, 'active');
INSERT INTO permission VALUES ('perm_21', 'Permission 21', 'type', NULL, '2023-07-26 08:39:35', '2023-07-26 08:39:35', 'admin', 'admin', '', '', '', NULL, 0, NULL, 0, 'tenant1', 1, 'active');
INSERT INTO permission VALUES ('perm_22', 'Permission 22', 'type', NULL, '2023-07-26 08:39:35', '2023-07-26 08:39:35', 'admin', 'admin', '', '', '', NULL, 0, NULL, 0, 'tenant1', 1, 'active');
INSERT INTO permission VALUES ('perm_23', 'Permission 23', 'type', NULL, '2023-07-26 08:39:35', '2023-07-26 08:39:35', 'admin', 'admin', '', '', '', NULL, 0, NULL, 0, 'tenant1', 1, 'active');
INSERT INTO permission VALUES ('perm_24', 'Permission 24', 'type', NULL, '2023-07-26 08:39:35', '2023-07-26 08:39:35', 'admin', 'admin', '', '', '', NULL, 0, NULL, 0, 'tenant1', 1, 'active');
INSERT INTO permission VALUES ('perm_25', 'Permission 25', 'type', NULL, '2023-07-26 08:39:35', '2023-07-26 08:39:35', 'admin', 'admin', '', '', '', NULL, 0, NULL, 0, 'tenant1', 1, 'active');
INSERT INTO permission VALUES ('perm_26', 'Permission 26', 'type', NULL, '2023-07-26 08:39:35', '2023-07-26 08:39:35', 'admin', 'admin', '', '', '', NULL, 0, NULL, 0, 'tenant1', 1, 'active');
INSERT INTO permission VALUES ('perm_3', 'Permission 3', 'type', NULL, '2023-07-26 08:39:35', '2023-07-26 08:39:35', 'admin', 'admin', '', '', '', NULL, 0, NULL, 0, 'tenant1', 1, 'active');
INSERT INTO permission VALUES ('perm_4', 'Permission 4', 'type', NULL, '2023-07-26 08:39:35', '2023-07-26 08:39:35', 'admin', 'admin', '', '', '', NULL, 0, NULL, 0, 'tenant1', 1, 'active');
INSERT INTO permission VALUES ('perm_5', 'Permission 5', 'type', NULL, '2023-07-26 08:39:35', '2023-07-26 08:39:35', 'admin', 'admin', '', '', '', NULL, 0, NULL, 0, 'tenant1', 1, 'active');
INSERT INTO permission VALUES ('perm_6', 'Permission 6', 'type', NULL, '2023-07-26 08:39:35', '2023-07-26 08:39:35', 'admin', 'admin', '', '', '', NULL, 0, NULL, 0, 'tenant1', 1, 'active');
INSERT INTO permission VALUES ('perm_7', 'Permission 7', 'type', NULL, '2023-07-26 08:39:35', '2023-07-26 08:39:35', 'admin', 'admin', '', '', '', NULL, 0, NULL, 0, 'tenant1', 1, 'active');
INSERT INTO permission VALUES ('perm_8', 'Permission 8', 'type', NULL, '2023-07-26 08:39:35', '2023-07-26 08:39:35', 'admin', 'admin', '', '', '', NULL, 0, NULL, 0, 'tenant1', 1, 'active');
INSERT INTO permission VALUES ('perm_9', 'Permission 9', 'type', NULL, '2023-07-26 08:39:35', '2023-07-26 08:39:35', 'admin', 'admin', '', '', '', NULL, 0, NULL, 0, 'tenant1', 1, 'active');

-- ----------------------------
-- Records of role
-- ----------------------------
INSERT INTO role VALUES ('role_0', 'Role 0', NULL, '2023-07-26 08:39:35', '2023-07-26 08:39:35', 'admin', 'admin', '', '', '', NULL, 0, NULL, 0, 'tenant1', 1, 'active');
INSERT INTO role VALUES ('role_1', 'Role 1', NULL, '2023-07-26 08:39:35', '2023-07-26 08:39:35', 'admin', 'admin', '', '', '', NULL, 0, NULL, 0, 'tenant1', 1, 'active');
INSERT INTO role VALUES ('role_2', 'Role 2', NULL, '2023-07-26 08:39:35', '2023-07-26 08:39:35', 'admin', 'admin', '', '', '', NULL, 0, NULL, 0, 'tenant1', 1, 'active');
INSERT INTO role VALUES ('role_3', 'Role 3', NULL, '2023-07-26 08:39:35', '2023-07-26 08:39:35', 'admin', 'admin', '', '', '', NULL, 0, NULL, 0, 'tenant1', 1, 'active');
INSERT INTO role VALUES ('role_4', 'Role 4', NULL, '2023-07-26 08:39:35', '2023-07-26 08:39:35', 'admin', 'admin', '', '', '', NULL, 0, NULL, 0, 'tenant1', 1, 'active');
INSERT INTO role VALUES ('role_5', 'Role 5', NULL, '2023-07-26 08:39:35', '2023-07-26 08:39:35', 'admin', 'admin', '', '', '', NULL, 0, NULL, 0, 'tenant1', 1, 'active');
INSERT INTO role VALUES ('role_6', 'Role 6', NULL, '2023-07-26 08:39:35', '2023-07-26 08:39:35', 'admin', 'admin', '', '', '', NULL, 0, NULL, 0, 'tenant1', 1, 'active');
INSERT INTO role VALUES ('role_7', 'Role 7', NULL, '2023-07-26 08:39:35', '2023-07-26 08:39:35', 'admin', 'admin', '', '', '', NULL, 0, NULL, 0, 'tenant1', 1, 'active');
INSERT INTO role VALUES ('role_8', 'Role 8', NULL, '2023-07-26 08:39:35', '2023-07-26 08:39:35', 'admin', 'admin', '', '', '', NULL, 0, NULL, 0, 'tenant1', 1, 'active');
INSERT INTO role VALUES ('role_9', 'Role 9', NULL, '2023-07-26 08:39:35', '2023-07-26 08:39:35', 'admin', 'admin', '', '', '', NULL, 0, NULL, 0, 'tenant1', 1, 'active');


-- ----------------------------
-- Records of role_mutex
-- ----------------------------


-- ----------------------------
-- Records of role_permission
-- ----------------------------
INSERT INTO role_permission VALUES ('role_0', 'perm_0');
INSERT INTO role_permission VALUES ('role_0', 'perm_1');
INSERT INTO role_permission VALUES ('role_0', 'perm_2');
INSERT INTO role_permission VALUES ('role_0', 'perm_3');
INSERT INTO role_permission VALUES ('role_0', 'perm_4');
INSERT INTO role_permission VALUES ('role_0', 'perm_5');
INSERT INTO role_permission VALUES ('role_0', 'perm_6');
INSERT INTO role_permission VALUES ('role_0', 'perm_7');
INSERT INTO role_permission VALUES ('role_0', 'perm_8');
INSERT INTO role_permission VALUES ('role_0', 'perm_9');
INSERT INTO role_permission VALUES ('role_0', 'perm_10');
INSERT INTO role_permission VALUES ('role_0', 'perm_11');
INSERT INTO role_permission VALUES ('role_0', 'perm_12');
INSERT INTO role_permission VALUES ('role_0', 'perm_13');
INSERT INTO role_permission VALUES ('role_0', 'perm_14');
INSERT INTO role_permission VALUES ('role_0', 'perm_15');
INSERT INTO role_permission VALUES ('role_0', 'perm_16');
INSERT INTO role_permission VALUES ('role_0', 'perm_17');
INSERT INTO role_permission VALUES ('role_0', 'perm_18');
INSERT INTO role_permission VALUES ('role_0', 'perm_19');
INSERT INTO role_permission VALUES ('role_0', 'perm_20');
INSERT INTO role_permission VALUES ('role_0', 'perm_21');
INSERT INTO role_permission VALUES ('role_0', 'perm_22');
INSERT INTO role_permission VALUES ('role_0', 'perm_23');
INSERT INTO role_permission VALUES ('role_0', 'perm_24');
INSERT INTO role_permission VALUES ('role_0', 'perm_25');
INSERT INTO role_permission VALUES ('role_0', 'perm_26');
INSERT INTO role_permission VALUES ('role_1', 'perm_0');
INSERT INTO role_permission VALUES ('role_1', 'perm_1');
INSERT INTO role_permission VALUES ('role_1', 'perm_2');
INSERT INTO role_permission VALUES ('role_1', 'perm_3');
INSERT INTO role_permission VALUES ('role_1', 'perm_4');
INSERT INTO role_permission VALUES ('role_1', 'perm_5');
INSERT INTO role_permission VALUES ('role_1', 'perm_6');
INSERT INTO role_permission VALUES ('role_1', 'perm_7');
INSERT INTO role_permission VALUES ('role_1', 'perm_8');
INSERT INTO role_permission VALUES ('role_1', 'perm_9');
INSERT INTO role_permission VALUES ('role_1', 'perm_10');
INSERT INTO role_permission VALUES ('role_1', 'perm_11');
INSERT INTO role_permission VALUES ('role_1', 'perm_12');
INSERT INTO role_permission VALUES ('role_1', 'perm_13');
INSERT INTO role_permission VALUES ('role_1', 'perm_14');
INSERT INTO role_permission VALUES ('role_1', 'perm_15');
INSERT INTO role_permission VALUES ('role_1', 'perm_16');
INSERT INTO role_permission VALUES ('role_1', 'perm_17');
INSERT INTO role_permission VALUES ('role_1', 'perm_18');
INSERT INTO role_permission VALUES ('role_1', 'perm_19');
INSERT INTO role_permission VALUES ('role_1', 'perm_20');
INSERT INTO role_permission VALUES ('role_1', 'perm_21');
INSERT INTO role_permission VALUES ('role_1', 'perm_22');
INSERT INTO role_permission VALUES ('role_1', 'perm_23');
INSERT INTO role_permission VALUES ('role_1', 'perm_24');
INSERT INTO role_permission VALUES ('role_1', 'perm_25');
INSERT INTO role_permission VALUES ('role_1', 'perm_26');
INSERT INTO role_permission VALUES ('role_2', 'perm_0');
INSERT INTO role_permission VALUES ('role_2', 'perm_1');
INSERT INTO role_permission VALUES ('role_2', 'perm_2');
INSERT INTO role_permission VALUES ('role_2', 'perm_3');
INSERT INTO role_permission VALUES ('role_2', 'perm_4');
INSERT INTO role_permission VALUES ('role_2', 'perm_5');
INSERT INTO role_permission VALUES ('role_2', 'perm_6');
INSERT INTO role_permission VALUES ('role_2', 'perm_7');
INSERT INTO role_permission VALUES ('role_2', 'perm_8');
INSERT INTO role_permission VALUES ('role_2', 'perm_9');
INSERT INTO role_permission VALUES ('role_2', 'perm_10');
INSERT INTO role_permission VALUES ('role_2', 'perm_11');
INSERT INTO role_permission VALUES ('role_2', 'perm_12');
INSERT INTO role_permission VALUES ('role_2', 'perm_13');
INSERT INTO role_permission VALUES ('role_2', 'perm_14');
INSERT INTO role_permission VALUES ('role_2', 'perm_15');
INSERT INTO role_permission VALUES ('role_2', 'perm_16');
INSERT INTO role_permission VALUES ('role_2', 'perm_17');
INSERT INTO role_permission VALUES ('role_2', 'perm_18');
INSERT INTO role_permission VALUES ('role_2', 'perm_19');
INSERT INTO role_permission VALUES ('role_2', 'perm_20');
INSERT INTO role_permission VALUES ('role_2', 'perm_21');
INSERT INTO role_permission VALUES ('role_2', 'perm_22');
INSERT INTO role_permission VALUES ('role_2', 'perm_23');
INSERT INTO role_permission VALUES ('role_2', 'perm_24');
INSERT INTO role_permission VALUES ('role_2', 'perm_25');
INSERT INTO role_permission VALUES ('role_2', 'perm_26');
INSERT INTO role_permission VALUES ('role_3', 'perm_0');
INSERT INTO role_permission VALUES ('role_3', 'perm_1');
INSERT INTO role_permission VALUES ('role_3', 'perm_2');
INSERT INTO role_permission VALUES ('role_3', 'perm_3');
INSERT INTO role_permission VALUES ('role_3', 'perm_4');
INSERT INTO role_permission VALUES ('role_3', 'perm_5');
INSERT INTO role_permission VALUES ('role_3', 'perm_6');
INSERT INTO role_permission VALUES ('role_3', 'perm_7');
INSERT INTO role_permission VALUES ('role_3', 'perm_8');
INSERT INTO role_permission VALUES ('role_3', 'perm_9');
INSERT INTO role_permission VALUES ('role_3', 'perm_10');
INSERT INTO role_permission VALUES ('role_3', 'perm_11');
INSERT INTO role_permission VALUES ('role_3', 'perm_12');
INSERT INTO role_permission VALUES ('role_3', 'perm_13');
INSERT INTO role_permission VALUES ('role_3', 'perm_14');
INSERT INTO role_permission VALUES ('role_3', 'perm_15');
INSERT INTO role_permission VALUES ('role_3', 'perm_16');
INSERT INTO role_permission VALUES ('role_3', 'perm_17');
INSERT INTO role_permission VALUES ('role_3', 'perm_18');
INSERT INTO role_permission VALUES ('role_3', 'perm_19');
INSERT INTO role_permission VALUES ('role_3', 'perm_20');
INSERT INTO role_permission VALUES ('role_3', 'perm_21');
INSERT INTO role_permission VALUES ('role_3', 'perm_22');
INSERT INTO role_permission VALUES ('role_3', 'perm_23');
INSERT INTO role_permission VALUES ('role_3', 'perm_24');
INSERT INTO role_permission VALUES ('role_3', 'perm_25');
INSERT INTO role_permission VALUES ('role_3', 'perm_26');
INSERT INTO role_permission VALUES ('role_4', 'perm_0');
INSERT INTO role_permission VALUES ('role_4', 'perm_1');
INSERT INTO role_permission VALUES ('role_4', 'perm_2');
INSERT INTO role_permission VALUES ('role_4', 'perm_3');
INSERT INTO role_permission VALUES ('role_4', 'perm_4');
INSERT INTO role_permission VALUES ('role_4', 'perm_5');
INSERT INTO role_permission VALUES ('role_4', 'perm_6');
INSERT INTO role_permission VALUES ('role_4', 'perm_7');
INSERT INTO role_permission VALUES ('role_4', 'perm_8');
INSERT INTO role_permission VALUES ('role_4', 'perm_9');
INSERT INTO role_permission VALUES ('role_4', 'perm_10');
INSERT INTO role_permission VALUES ('role_4', 'perm_11');
INSERT INTO role_permission VALUES ('role_4', 'perm_12');
INSERT INTO role_permission VALUES ('role_4', 'perm_13');
INSERT INTO role_permission VALUES ('role_4', 'perm_14');
INSERT INTO role_permission VALUES ('role_4', 'perm_15');
INSERT INTO role_permission VALUES ('role_4', 'perm_16');
INSERT INTO role_permission VALUES ('role_4', 'perm_17');
INSERT INTO role_permission VALUES ('role_4', 'perm_18');
INSERT INTO role_permission VALUES ('role_4', 'perm_19');
INSERT INTO role_permission VALUES ('role_4', 'perm_20');
INSERT INTO role_permission VALUES ('role_4', 'perm_21');
INSERT INTO role_permission VALUES ('role_4', 'perm_22');
INSERT INTO role_permission VALUES ('role_4', 'perm_23');
INSERT INTO role_permission VALUES ('role_4', 'perm_24');
INSERT INTO role_permission VALUES ('role_4', 'perm_25');
INSERT INTO role_permission VALUES ('role_4', 'perm_26');
INSERT INTO role_permission VALUES ('role_5', 'perm_0');
INSERT INTO role_permission VALUES ('role_5', 'perm_1');
INSERT INTO role_permission VALUES ('role_5', 'perm_2');
INSERT INTO role_permission VALUES ('role_5', 'perm_3');
INSERT INTO role_permission VALUES ('role_5', 'perm_4');
INSERT INTO role_permission VALUES ('role_5', 'perm_5');
INSERT INTO role_permission VALUES ('role_5', 'perm_6');
INSERT INTO role_permission VALUES ('role_5', 'perm_7');
INSERT INTO role_permission VALUES ('role_5', 'perm_8');
INSERT INTO role_permission VALUES ('role_5', 'perm_9');
INSERT INTO role_permission VALUES ('role_5', 'perm_10');
INSERT INTO role_permission VALUES ('role_5', 'perm_11');
INSERT INTO role_permission VALUES ('role_5', 'perm_12');
INSERT INTO role_permission VALUES ('role_5', 'perm_13');
INSERT INTO role_permission VALUES ('role_5', 'perm_14');
INSERT INTO role_permission VALUES ('role_5', 'perm_15');
INSERT INTO role_permission VALUES ('role_5', 'perm_16');
INSERT INTO role_permission VALUES ('role_5', 'perm_17');
INSERT INTO role_permission VALUES ('role_5', 'perm_18');
INSERT INTO role_permission VALUES ('role_5', 'perm_19');
INSERT INTO role_permission VALUES ('role_5', 'perm_20');
INSERT INTO role_permission VALUES ('role_5', 'perm_21');
INSERT INTO role_permission VALUES ('role_5', 'perm_22');
INSERT INTO role_permission VALUES ('role_5', 'perm_23');
INSERT INTO role_permission VALUES ('role_5', 'perm_24');
INSERT INTO role_permission VALUES ('role_5', 'perm_25');
INSERT INTO role_permission VALUES ('role_5', 'perm_26');
INSERT INTO role_permission VALUES ('role_6', 'perm_0');
INSERT INTO role_permission VALUES ('role_6', 'perm_1');
INSERT INTO role_permission VALUES ('role_6', 'perm_2');
INSERT INTO role_permission VALUES ('role_6', 'perm_3');
INSERT INTO role_permission VALUES ('role_6', 'perm_4');
INSERT INTO role_permission VALUES ('role_6', 'perm_5');
INSERT INTO role_permission VALUES ('role_6', 'perm_6');
INSERT INTO role_permission VALUES ('role_6', 'perm_7');
INSERT INTO role_permission VALUES ('role_6', 'perm_8');
INSERT INTO role_permission VALUES ('role_6', 'perm_9');
INSERT INTO role_permission VALUES ('role_6', 'perm_10');
INSERT INTO role_permission VALUES ('role_6', 'perm_11');
INSERT INTO role_permission VALUES ('role_6', 'perm_12');
INSERT INTO role_permission VALUES ('role_6', 'perm_13');
INSERT INTO role_permission VALUES ('role_6', 'perm_14');
INSERT INTO role_permission VALUES ('role_6', 'perm_15');
INSERT INTO role_permission VALUES ('role_6', 'perm_16');
INSERT INTO role_permission VALUES ('role_6', 'perm_17');
INSERT INTO role_permission VALUES ('role_6', 'perm_18');
INSERT INTO role_permission VALUES ('role_6', 'perm_19');
INSERT INTO role_permission VALUES ('role_6', 'perm_20');
INSERT INTO role_permission VALUES ('role_6', 'perm_21');
INSERT INTO role_permission VALUES ('role_6', 'perm_22');
INSERT INTO role_permission VALUES ('role_6', 'perm_23');
INSERT INTO role_permission VALUES ('role_6', 'perm_24');
INSERT INTO role_permission VALUES ('role_6', 'perm_25');
INSERT INTO role_permission VALUES ('role_6', 'perm_26');
INSERT INTO role_permission VALUES ('role_7', 'perm_0');
INSERT INTO role_permission VALUES ('role_7', 'perm_1');
INSERT INTO role_permission VALUES ('role_7', 'perm_2');
INSERT INTO role_permission VALUES ('role_7', 'perm_3');
INSERT INTO role_permission VALUES ('role_7', 'perm_4');
INSERT INTO role_permission VALUES ('role_7', 'perm_5');
INSERT INTO role_permission VALUES ('role_7', 'perm_6');
INSERT INTO role_permission VALUES ('role_7', 'perm_7');
INSERT INTO role_permission VALUES ('role_7', 'perm_8');
INSERT INTO role_permission VALUES ('role_7', 'perm_9');
INSERT INTO role_permission VALUES ('role_7', 'perm_10');
INSERT INTO role_permission VALUES ('role_7', 'perm_11');
INSERT INTO role_permission VALUES ('role_7', 'perm_12');
INSERT INTO role_permission VALUES ('role_7', 'perm_13');
INSERT INTO role_permission VALUES ('role_7', 'perm_14');
INSERT INTO role_permission VALUES ('role_7', 'perm_15');
INSERT INTO role_permission VALUES ('role_7', 'perm_16');
INSERT INTO role_permission VALUES ('role_7', 'perm_17');
INSERT INTO role_permission VALUES ('role_7', 'perm_18');
INSERT INTO role_permission VALUES ('role_7', 'perm_19');
INSERT INTO role_permission VALUES ('role_7', 'perm_20');
INSERT INTO role_permission VALUES ('role_7', 'perm_21');
INSERT INTO role_permission VALUES ('role_7', 'perm_22');
INSERT INTO role_permission VALUES ('role_7', 'perm_23');
INSERT INTO role_permission VALUES ('role_7', 'perm_24');
INSERT INTO role_permission VALUES ('role_7', 'perm_25');
INSERT INTO role_permission VALUES ('role_7', 'perm_26');
INSERT INTO role_permission VALUES ('role_8', 'perm_0');
INSERT INTO role_permission VALUES ('role_8', 'perm_1');
INSERT INTO role_permission VALUES ('role_8', 'perm_2');
INSERT INTO role_permission VALUES ('role_8', 'perm_3');
INSERT INTO role_permission VALUES ('role_8', 'perm_4');
INSERT INTO role_permission VALUES ('role_8', 'perm_5');
INSERT INTO role_permission VALUES ('role_8', 'perm_6');
INSERT INTO role_permission VALUES ('role_8', 'perm_7');
INSERT INTO role_permission VALUES ('role_8', 'perm_8');
INSERT INTO role_permission VALUES ('role_8', 'perm_9');
INSERT INTO role_permission VALUES ('role_8', 'perm_10');
INSERT INTO role_permission VALUES ('role_8', 'perm_11');
INSERT INTO role_permission VALUES ('role_8', 'perm_12');
INSERT INTO role_permission VALUES ('role_8', 'perm_13');
INSERT INTO role_permission VALUES ('role_8', 'perm_14');
INSERT INTO role_permission VALUES ('role_8', 'perm_15');
INSERT INTO role_permission VALUES ('role_8', 'perm_16');
INSERT INTO role_permission VALUES ('role_8', 'perm_17');
INSERT INTO role_permission VALUES ('role_8', 'perm_18');
INSERT INTO role_permission VALUES ('role_8', 'perm_19');
INSERT INTO role_permission VALUES ('role_8', 'perm_20');
INSERT INTO role_permission VALUES ('role_8', 'perm_21');
INSERT INTO role_permission VALUES ('role_8', 'perm_22');
INSERT INTO role_permission VALUES ('role_8', 'perm_23');
INSERT INTO role_permission VALUES ('role_8', 'perm_24');
INSERT INTO role_permission VALUES ('role_8', 'perm_25');
INSERT INTO role_permission VALUES ('role_8', 'perm_26');
INSERT INTO role_permission VALUES ('role_9', 'perm_0');
INSERT INTO role_permission VALUES ('role_9', 'perm_1');
INSERT INTO role_permission VALUES ('role_9', 'perm_2');
INSERT INTO role_permission VALUES ('role_9', 'perm_3');
INSERT INTO role_permission VALUES ('role_9', 'perm_4');
INSERT INTO role_permission VALUES ('role_9', 'perm_5');
INSERT INTO role_permission VALUES ('role_9', 'perm_6');
INSERT INTO role_permission VALUES ('role_9', 'perm_7');
INSERT INTO role_permission VALUES ('role_9', 'perm_8');
INSERT INTO role_permission VALUES ('role_9', 'perm_9');
INSERT INTO role_permission VALUES ('role_9', 'perm_10');
INSERT INTO role_permission VALUES ('role_9', 'perm_11');
INSERT INTO role_permission VALUES ('role_9', 'perm_12');
INSERT INTO role_permission VALUES ('role_9', 'perm_13');
INSERT INTO role_permission VALUES ('role_9', 'perm_14');
INSERT INTO role_permission VALUES ('role_9', 'perm_15');
INSERT INTO role_permission VALUES ('role_9', 'perm_16');
INSERT INTO role_permission VALUES ('role_9', 'perm_17');
INSERT INTO role_permission VALUES ('role_9', 'perm_18');
INSERT INTO role_permission VALUES ('role_9', 'perm_19');
INSERT INTO role_permission VALUES ('role_9', 'perm_20');
INSERT INTO role_permission VALUES ('role_9', 'perm_21');
INSERT INTO role_permission VALUES ('role_9', 'perm_22');
INSERT INTO role_permission VALUES ('role_9', 'perm_23');
INSERT INTO role_permission VALUES ('role_9', 'perm_24');
INSERT INTO role_permission VALUES ('role_9', 'perm_25');
INSERT INTO role_permission VALUES ('role_9', 'perm_26');


-- ----------------------------
-- Records of t_exception_record
-- ----------------------------



-- ----------------------------
-- Records of "user"
-- ----------------------------
INSERT INTO "user" VALUES ('user_0', 'User 0', '2023-07-26 08:39:34', '2023-07-26 08:39:34', 'admin', 'admin', '', '', '', NULL, 0, NULL, 0, 'tenant1', 1, 'active');
INSERT INTO "user" VALUES ('user_1', 'User 1', '2023-07-26 08:39:34', '2023-07-26 08:39:34', 'admin', 'admin', '', '', '', NULL, 0, NULL, 0, 'tenant1', 1, 'active');
INSERT INTO "user" VALUES ('user_10', 'User 10', '2023-07-26 08:39:34', '2023-07-26 08:39:34', 'admin', 'admin', '', '', '', NULL, 0, NULL, 0, 'tenant1', 1, 'active');
INSERT INTO "user" VALUES ('user_100', 'User 100', '2023-07-26 08:39:35', '2023-07-26 08:39:35', 'user_15', 'user_10', '', '', '', NULL, 0, NULL, 0, 'tenant1', 1, 'active');
INSERT INTO "user" VALUES ('user_101', 'User 101', '2023-07-26 08:39:35', '2023-07-26 08:39:35', 'user_4', 'user_11', '', '', '', NULL, 0, NULL, 0, 'tenant1', 1, 'active');
INSERT INTO "user" VALUES ('user_102', 'User 102', '2023-07-26 08:39:35', '2023-07-26 08:39:35', 'user_1', 'user_15', '', '', '', NULL, 0, NULL, 0, 'tenant1', 1, 'active');
INSERT INTO "user" VALUES ('user_103', 'User 103', '2023-07-26 08:39:35', '2023-07-26 08:39:35', 'user_11', 'user_10', '', '', '', NULL, 0, NULL, 0, 'tenant1', 1, 'active');
INSERT INTO "user" VALUES ('user_104', 'User 104', '2023-07-26 08:39:35', '2023-07-26 08:39:35', 'user_17', 'user_15', '', '', '', NULL, 0, NULL, 0, 'tenant1', 1, 'active');
INSERT INTO "user" VALUES ('user_105', 'User 105', '2023-07-26 08:39:35', '2023-07-26 08:39:35', 'user_4', 'user_17', '', '', '', NULL, 0, NULL, 0, 'tenant1', 1, 'active');
INSERT INTO "user" VALUES ('user_106', 'User 106', '2023-07-26 08:39:35', '2023-07-26 08:39:35', 'user_14', 'user_18', '', '', '', NULL, 0, NULL, 0, 'tenant1', 1, 'active');
INSERT INTO "user" VALUES ('user_107', 'User 107', '2023-07-26 08:39:35', '2023-07-26 08:39:35', 'user_9', 'user_12', '', '', '', NULL, 0, NULL, 0, 'tenant1', 1, 'active');
INSERT INTO "user" VALUES ('user_108', 'User 108', '2023-07-26 08:39:35', '2023-07-26 08:39:35', 'user_12', 'user_4', '', '', '', NULL, 0, NULL, 0, 'tenant1', 1, 'active');
INSERT INTO "user" VALUES ('user_109', 'User 109', '2023-07-26 08:39:35', '2023-07-26 08:39:35', 'user_4', 'user_8', '', '', '', NULL, 0, NULL, 0, 'tenant1', 1, 'active');
INSERT INTO "user" VALUES ('user_11', 'User 11', '2023-07-26 08:39:34', '2023-07-26 08:39:34', 'admin', 'admin', '', '', '', NULL, 0, NULL, 0, 'tenant1', 1, 'active');
INSERT INTO "user" VALUES ('user_110', 'User 110', '2023-07-26 08:39:35', '2023-07-26 08:39:35', 'user_12', 'user_13', '', '', '', NULL, 0, NULL, 0, 'tenant1', 1, 'active');
INSERT INTO "user" VALUES ('user_111', 'User 111', '2023-07-26 08:39:35', '2023-07-26 08:39:35', 'user_11', 'user_16', '', '', '', NULL, 0, NULL, 0, 'tenant1', 1, 'active');
INSERT INTO "user" VALUES ('user_112', 'User 112', '2023-07-26 08:39:35', '2023-07-26 08:39:35', 'user_6', 'user_5', '', '', '', NULL, 0, NULL, 0, 'tenant1', 1, 'active');
INSERT INTO "user" VALUES ('user_113', 'User 113', '2023-07-26 08:39:35', '2023-07-26 08:39:35', 'user_6', 'user_16', '', '', '', NULL, 0, NULL, 0, 'tenant1', 1, 'active');
INSERT INTO "user" VALUES ('user_114', 'User 114', '2023-07-26 08:39:35', '2023-07-26 08:39:35', 'user_1', 'user_19', '', '', '', NULL, 0, NULL, 0, 'tenant1', 1, 'active');
INSERT INTO "user" VALUES ('user_115', 'User 115', '2023-07-26 08:39:35', '2023-07-26 08:39:35', 'user_12', 'user_5', '', '', '', NULL, 0, NULL, 0, 'tenant1', 1, 'active');
INSERT INTO "user" VALUES ('user_116', 'User 116', '2023-07-26 08:39:35', '2023-07-26 08:39:35', 'user_10', 'user_13', '', '', '', NULL, 0, NULL, 0, 'tenant1', 1, 'active');
INSERT INTO "user" VALUES ('user_117', 'User 117', '2023-07-26 08:39:35', '2023-07-26 08:39:35', 'user_18', 'user_9', '', '', '', NULL, 0, NULL, 0, 'tenant1', 1, 'active');
INSERT INTO "user" VALUES ('user_118', 'User 118', '2023-07-26 08:39:35', '2023-07-26 08:39:35', 'user_13', 'user_19', '', '', '', NULL, 0, NULL, 0, 'tenant1', 1, 'active');
INSERT INTO "user" VALUES ('user_119', 'User 119', '2023-07-26 08:39:35', '2023-07-26 08:39:35', 'user_17', 'user_7', '', '', '', NULL, 0, NULL, 0, 'tenant1', 1, 'active');
INSERT INTO "user" VALUES ('user_12', 'User 12', '2023-07-26 08:39:34', '2023-07-26 08:39:34', 'admin', 'admin', '', '', '', NULL, 0, NULL, 0, 'tenant1', 1, 'active');
INSERT INTO "user" VALUES ('user_120', 'User 120', '2023-07-26 08:39:35', '2023-07-26 08:39:35', 'user_6', 'user_8', '', '', '', NULL, 0, NULL, 0, 'tenant1', 1, 'active');
INSERT INTO "user" VALUES ('user_121', 'User 121', '2023-07-26 08:39:35', '2023-07-26 08:39:35', 'user_3', 'user_11', '', '', '', NULL, 0, NULL, 0, 'tenant1', 1, 'active');
INSERT INTO "user" VALUES ('user_122', 'User 122', '2023-07-26 08:39:35', '2023-07-26 08:39:35', 'user_9', 'user_10', '', '', '', NULL, 0, NULL, 0, 'tenant1', 1, 'active');
INSERT INTO "user" VALUES ('user_123', 'User 123', '2023-07-26 08:39:35', '2023-07-26 08:39:35', 'user_3', 'user_8', '', '', '', NULL, 0, NULL, 0, 'tenant1', 1, 'active');
INSERT INTO "user" VALUES ('user_124', 'User 124', '2023-07-26 08:39:35', '2023-07-26 08:39:35', 'user_12', 'user_17', '', '', '', NULL, 0, NULL, 0, 'tenant1', 1, 'active');
INSERT INTO "user" VALUES ('user_125', 'User 125', '2023-07-26 08:39:35', '2023-07-26 08:39:35', 'user_9', 'user_16', '', '', '', NULL, 0, NULL, 0, 'tenant1', 1, 'active');
INSERT INTO "user" VALUES ('user_126', 'User 126', '2023-07-26 08:39:35', '2023-07-26 08:39:35', 'user_12', 'user_12', '', '', '', NULL, 0, NULL, 0, 'tenant1', 1, 'active');
INSERT INTO "user" VALUES ('user_127', 'User 127', '2023-07-26 08:39:35', '2023-07-26 08:39:35', 'user_5', 'user_7', '', '', '', NULL, 0, NULL, 0, 'tenant1', 1, 'active');
INSERT INTO "user" VALUES ('user_13', 'User 13', '2023-07-26 08:39:34', '2023-07-26 08:39:34', 'admin', 'admin', '', '', '', NULL, 0, NULL, 0, 'tenant1', 1, 'active');
INSERT INTO "user" VALUES ('user_14', 'User 14', '2023-07-26 08:39:34', '2023-07-26 08:39:34', 'admin', 'admin', '', '', '', NULL, 0, NULL, 0, 'tenant1', 1, 'active');
INSERT INTO "user" VALUES ('user_15', 'User 15', '2023-07-26 08:39:34', '2023-07-26 08:39:34', 'admin', 'admin', '', '', '', NULL, 0, NULL, 0, 'tenant1', 1, 'active');
INSERT INTO "user" VALUES ('user_16', 'User 16', '2023-07-26 08:39:34', '2023-07-26 08:39:34', 'admin', 'admin', '', '', '', NULL, 0, NULL, 0, 'tenant1', 1, 'active');
INSERT INTO "user" VALUES ('user_17', 'User 17', '2023-07-26 08:39:34', '2023-07-26 08:39:34', 'admin', 'admin', '', '', '', NULL, 0, NULL, 0, 'tenant1', 1, 'active');
INSERT INTO "user" VALUES ('user_18', 'User 18', '2023-07-26 08:39:34', '2023-07-26 08:39:34', 'admin', 'admin', '', '', '', NULL, 0, NULL, 0, 'tenant1', 1, 'active');
INSERT INTO "user" VALUES ('user_19', 'User 19', '2023-07-26 08:39:34', '2023-07-26 08:39:34', 'admin', 'admin', '', '', '', NULL, 0, NULL, 0, 'tenant1', 1, 'active');
INSERT INTO "user" VALUES ('user_2', 'User 2', '2023-07-26 08:39:34', '2023-07-26 08:39:34', 'admin', 'admin', '', '', '', NULL, 0, NULL, 0, 'tenant1', 1, 'active');
INSERT INTO "user" VALUES ('user_20', 'User 20', '2023-07-26 08:39:34', '2023-07-26 08:39:34', 'admin', 'admin', '', '', '', NULL, 0, NULL, 0, 'tenant1', 1, 'active');
INSERT INTO "user" VALUES ('user_21', 'User 21', '2023-07-26 08:39:34', '2023-07-26 08:39:34', 'admin', 'admin', '', '', '', NULL, 0, NULL, 0, 'tenant1', 1, 'active');
INSERT INTO "user" VALUES ('user_22', 'User 22', '2023-07-26 08:39:34', '2023-07-26 08:39:34', 'admin', 'admin', '', '', '', NULL, 0, NULL, 0, 'tenant1', 1, 'active');
INSERT INTO "user" VALUES ('user_23', 'User 23', '2023-07-26 08:39:34', '2023-07-26 08:39:34', 'admin', 'admin', '', '', '', NULL, 0, NULL, 0, 'tenant1', 1, 'active');
INSERT INTO "user" VALUES ('user_24', 'User 24', '2023-07-26 08:39:34', '2023-07-26 08:39:34', 'admin', 'admin', '', '', '', NULL, 0, NULL, 0, 'tenant1', 1, 'active');
INSERT INTO "user" VALUES ('user_25', 'User 25', '2023-07-26 08:39:34', '2023-07-26 08:39:34', 'admin', 'admin', '', '', '', NULL, 0, NULL, 0, 'tenant1', 1, 'active');
INSERT INTO "user" VALUES ('user_26', 'User 26', '2023-07-26 08:39:34', '2023-07-26 08:39:34', 'admin', 'admin', '', '', '', NULL, 0, NULL, 0, 'tenant1', 1, 'active');
INSERT INTO "user" VALUES ('user_27', 'User 27', '2023-07-26 08:39:34', '2023-07-26 08:39:34', 'admin', 'admin', '', '', '', NULL, 0, NULL, 0, 'tenant1', 1, 'active');
INSERT INTO "user" VALUES ('user_28', 'User 28', '2023-07-26 08:39:34', '2023-07-26 08:39:34', 'admin', 'admin', '', '', '', NULL, 0, NULL, 0, 'tenant1', 1, 'active');
INSERT INTO "user" VALUES ('user_29', 'User 29', '2023-07-26 08:39:34', '2023-07-26 08:39:34', 'admin', 'admin', '', '', '', NULL, 0, NULL, 0, 'tenant1', 1, 'active');
INSERT INTO "user" VALUES ('user_3', 'User 3', '2023-07-26 08:39:34', '2023-07-26 08:39:34', 'admin', 'admin', '', '', '', NULL, 0, NULL, 0, 'tenant1', 1, 'active');
INSERT INTO "user" VALUES ('user_30', 'User 30', '2023-07-26 08:39:34', '2023-07-26 08:39:34', 'admin', 'admin', '', '', '', NULL, 0, NULL, 0, 'tenant1', 1, 'active');
INSERT INTO "user" VALUES ('user_31', 'User 31', '2023-07-26 08:39:34', '2023-07-26 08:39:34', 'admin', 'admin', '', '', '', NULL, 0, NULL, 0, 'tenant1', 1, 'active');
INSERT INTO "user" VALUES ('user_32', 'User 32', '2023-07-26 08:39:34', '2023-07-26 08:39:34', 'admin', 'admin', '', '', '', NULL, 0, NULL, 0, 'tenant1', 1, 'active');
INSERT INTO "user" VALUES ('user_33', 'User 33', '2023-07-26 08:39:34', '2023-07-26 08:39:34', 'admin', 'admin', '', '', '', NULL, 0, NULL, 0, 'tenant1', 1, 'active');
INSERT INTO "user" VALUES ('user_34', 'User 34', '2023-07-26 08:39:34', '2023-07-26 08:39:34', 'admin', 'admin', '', '', '', NULL, 0, NULL, 0, 'tenant1', 1, 'active');
INSERT INTO "user" VALUES ('user_35', 'User 35', '2023-07-26 08:39:34', '2023-07-26 08:39:34', 'admin', 'admin', '', '', '', NULL, 0, NULL, 0, 'tenant1', 1, 'active');
INSERT INTO "user" VALUES ('user_36', 'User 36', '2023-07-26 08:39:34', '2023-07-26 08:39:34', 'admin', 'admin', '', '', '', NULL, 0, NULL, 0, 'tenant1', 1, 'active');
INSERT INTO "user" VALUES ('user_37', 'User 37', '2023-07-26 08:39:34', '2023-07-26 08:39:34', 'admin', 'admin', '', '', '', NULL, 0, NULL, 0, 'tenant1', 1, 'active');
INSERT INTO "user" VALUES ('user_38', 'User 38', '2023-07-26 08:39:35', '2023-07-26 08:39:35', 'admin', 'admin', '', '', '', NULL, 0, NULL, 0, 'tenant1', 1, 'active');
INSERT INTO "user" VALUES ('user_39', 'User 39', '2023-07-26 08:39:35', '2023-07-26 08:39:35', 'admin', 'admin', '', '', '', NULL, 0, NULL, 0, 'tenant1', 1, 'active');
INSERT INTO "user" VALUES ('user_4', 'User 4', '2023-07-26 08:39:34', '2023-07-26 08:39:34', 'admin', 'admin', '', '', '', NULL, 0, NULL, 0, 'tenant1', 1, 'active');
INSERT INTO "user" VALUES ('user_40', 'User 40', '2023-07-26 08:39:35', '2023-07-26 08:39:35', 'admin', 'admin', '', '', '', NULL, 0, NULL, 0, 'tenant1', 1, 'active');
INSERT INTO "user" VALUES ('user_41', 'User 41', '2023-07-26 08:39:35', '2023-07-26 08:39:35', 'admin', 'admin', '', '', '', NULL, 0, NULL, 0, 'tenant1', 1, 'active');
INSERT INTO "user" VALUES ('user_42', 'User 42', '2023-07-26 08:39:35', '2023-07-26 08:39:35', 'admin', 'admin', '', '', '', NULL, 0, NULL, 0, 'tenant1', 1, 'active');
INSERT INTO "user" VALUES ('user_43', 'User 43', '2023-07-26 08:39:35', '2023-07-26 08:39:35', 'admin', 'admin', '', '', '', NULL, 0, NULL, 0, 'tenant1', 1, 'active');
INSERT INTO "user" VALUES ('user_44', 'User 44', '2023-07-26 08:39:35', '2023-07-26 08:39:35', 'admin', 'admin', '', '', '', NULL, 0, NULL, 0, 'tenant1', 1, 'active');
INSERT INTO "user" VALUES ('user_45', 'User 45', '2023-07-26 08:39:35', '2023-07-26 08:39:35', 'admin', 'admin', '', '', '', NULL, 0, NULL, 0, 'tenant1', 1, 'active');
INSERT INTO "user" VALUES ('user_46', 'User 46', '2023-07-26 08:39:35', '2023-07-26 08:39:35', 'admin', 'admin', '', '', '', NULL, 0, NULL, 0, 'tenant1', 1, 'active');
INSERT INTO "user" VALUES ('user_47', 'User 47', '2023-07-26 08:39:35', '2023-07-26 08:39:35', 'admin', 'admin', '', '', '', NULL, 0, NULL, 0, 'tenant1', 1, 'active');
INSERT INTO "user" VALUES ('user_48', 'User 48', '2023-07-26 08:39:35', '2023-07-26 08:39:35', 'admin', 'admin', '', '', '', NULL, 0, NULL, 0, 'tenant1', 1, 'active');
INSERT INTO "user" VALUES ('user_49', 'User 49', '2023-07-26 08:39:35', '2023-07-26 08:39:35', 'admin', 'admin', '', '', '', NULL, 0, NULL, 0, 'tenant1', 1, 'active');
INSERT INTO "user" VALUES ('user_5', 'User 5', '2023-07-26 08:39:34', '2023-07-26 08:39:34', 'admin', 'admin', '', '', '', NULL, 0, NULL, 0, 'tenant1', 1, 'active');
INSERT INTO "user" VALUES ('user_50', 'User 50', '2023-07-26 08:39:35', '2023-07-26 08:39:35', 'user_1', 'user_0', '', '', '', NULL, 0, NULL, 0, 'tenant1', 1, 'active');
INSERT INTO "user" VALUES ('user_51', 'User 51', '2023-07-26 08:39:35', '2023-07-26 08:39:35', 'user_17', 'user_5', '', '', '', NULL, 0, NULL, 0, 'tenant1', 1, 'active');
INSERT INTO "user" VALUES ('user_52', 'User 52', '2023-07-26 08:39:35', '2023-07-26 08:39:35', 'user_13', 'user_10', '', '', '', NULL, 0, NULL, 0, 'tenant1', 1, 'active');
INSERT INTO "user" VALUES ('user_53', 'User 53', '2023-07-26 08:39:35', '2023-07-26 08:39:35', 'user_15', 'user_3', '', '', '', NULL, 0, NULL, 0, 'tenant1', 1, 'active');
INSERT INTO "user" VALUES ('user_54', 'User 54', '2023-07-26 08:39:35', '2023-07-26 08:39:35', 'user_11', 'user_5', '', '', '', NULL, 0, NULL, 0, 'tenant1', 1, 'active');
INSERT INTO "user" VALUES ('user_55', 'User 55', '2023-07-26 08:39:35', '2023-07-26 08:39:35', 'user_13', 'user_10', '', '', '', NULL, 0, NULL, 0, 'tenant1', 1, 'active');
INSERT INTO "user" VALUES ('user_56', 'User 56', '2023-07-26 08:39:35', '2023-07-26 08:39:35', 'user_13', 'user_17', '', '', '', NULL, 0, NULL, 0, 'tenant1', 1, 'active');
INSERT INTO "user" VALUES ('user_57', 'User 57', '2023-07-26 08:39:35', '2023-07-26 08:39:35', 'user_4', 'user_12', '', '', '', NULL, 0, NULL, 0, 'tenant1', 1, 'active');
INSERT INTO "user" VALUES ('user_58', 'User 58', '2023-07-26 08:39:35', '2023-07-26 08:39:35', 'user_8', 'user_3', '', '', '', NULL, 0, NULL, 0, 'tenant1', 1, 'active');
INSERT INTO "user" VALUES ('user_59', 'User 59', '2023-07-26 08:39:35', '2023-07-26 08:39:35', 'user_13', 'user_18', '', '', '', NULL, 0, NULL, 0, 'tenant1', 1, 'active');
INSERT INTO "user" VALUES ('user_6', 'User 6', '2023-07-26 08:39:34', '2023-07-26 08:39:34', 'admin', 'admin', '', '', '', NULL, 0, NULL, 0, 'tenant1', 1, 'active');
INSERT INTO "user" VALUES ('user_60', 'User 60', '2023-07-26 08:39:35', '2023-07-26 08:39:35', 'user_9', 'user_14', '', '', '', NULL, 0, NULL, 0, 'tenant1', 1, 'active');
INSERT INTO "user" VALUES ('user_61', 'User 61', '2023-07-26 08:39:35', '2023-07-26 08:39:35', 'user_2', 'user_9', '', '', '', NULL, 0, NULL, 0, 'tenant1', 1, 'active');
INSERT INTO "user" VALUES ('user_62', 'User 62', '2023-07-26 08:39:35', '2023-07-26 08:39:35', 'user_0', 'user_12', '', '', '', NULL, 0, NULL, 0, 'tenant1', 1, 'active');
INSERT INTO "user" VALUES ('user_63', 'User 63', '2023-07-26 08:39:35', '2023-07-26 08:39:35', 'user_0', 'user_7', '', '', '', NULL, 0, NULL, 0, 'tenant1', 1, 'active');
INSERT INTO "user" VALUES ('user_64', 'User 64', '2023-07-26 08:39:35', '2023-07-26 08:39:35', 'user_15', 'user_14', '', '', '', NULL, 0, NULL, 0, 'tenant1', 1, 'active');
INSERT INTO "user" VALUES ('user_65', 'User 65', '2023-07-26 08:39:35', '2023-07-26 08:39:35', 'user_5', 'user_4', '', '', '', NULL, 0, NULL, 0, 'tenant1', 1, 'active');
INSERT INTO "user" VALUES ('user_66', 'User 66', '2023-07-26 08:39:35', '2023-07-26 08:39:35', 'user_7', 'user_0', '', '', '', NULL, 0, NULL, 0, 'tenant1', 1, 'active');
INSERT INTO "user" VALUES ('user_67', 'User 67', '2023-07-26 08:39:35', '2023-07-26 08:39:35', 'user_3', 'user_14', '', '', '', NULL, 0, NULL, 0, 'tenant1', 1, 'active');
INSERT INTO "user" VALUES ('user_68', 'User 68', '2023-07-26 08:39:35', '2023-07-26 08:39:35', 'user_4', 'user_16', '', '', '', NULL, 0, NULL, 0, 'tenant1', 1, 'active');
INSERT INTO "user" VALUES ('user_69', 'User 69', '2023-07-26 08:39:35', '2023-07-26 08:39:35', 'user_9', 'user_16', '', '', '', NULL, 0, NULL, 0, 'tenant1', 1, 'active');
INSERT INTO "user" VALUES ('user_7', 'User 7', '2023-07-26 08:39:34', '2023-07-26 08:39:34', 'admin', 'admin', '', '', '', NULL, 0, NULL, 0, 'tenant1', 1, 'active');
INSERT INTO "user" VALUES ('user_70', 'User 70', '2023-07-26 08:39:35', '2023-07-26 08:39:35', 'user_13', 'user_19', '', '', '', NULL, 0, NULL, 0, 'tenant1', 1, 'active');
INSERT INTO "user" VALUES ('user_71', 'User 71', '2023-07-26 08:39:35', '2023-07-26 08:39:35', 'user_18', 'user_10', '', '', '', NULL, 0, NULL, 0, 'tenant1', 1, 'active');
INSERT INTO "user" VALUES ('user_72', 'User 72', '2023-07-26 08:39:35', '2023-07-26 08:39:35', 'user_0', 'user_9', '', '', '', NULL, 0, NULL, 0, 'tenant1', 1, 'active');
INSERT INTO "user" VALUES ('user_73', 'User 73', '2023-07-26 08:39:35', '2023-07-26 08:39:35', 'user_7', 'user_7', '', '', '', NULL, 0, NULL, 0, 'tenant1', 1, 'active');
INSERT INTO "user" VALUES ('user_74', 'User 74', '2023-07-26 08:39:35', '2023-07-26 08:39:35', 'user_13', 'user_6', '', '', '', NULL, 0, NULL, 0, 'tenant1', 1, 'active');
INSERT INTO "user" VALUES ('user_75', 'User 75', '2023-07-26 08:39:35', '2023-07-26 08:39:35', 'user_13', 'user_7', '', '', '', NULL, 0, NULL, 0, 'tenant1', 1, 'active');
INSERT INTO "user" VALUES ('user_76', 'User 76', '2023-07-26 08:39:35', '2023-07-26 08:39:35', 'user_18', 'user_9', '', '', '', NULL, 0, NULL, 0, 'tenant1', 1, 'active');
INSERT INTO "user" VALUES ('user_77', 'User 77', '2023-07-26 08:39:35', '2023-07-26 08:39:35', 'user_9', 'user_0', '', '', '', NULL, 0, NULL, 0, 'tenant1', 1, 'active');
INSERT INTO "user" VALUES ('user_78', 'User 78', '2023-07-26 08:39:35', '2023-07-26 08:39:35', 'user_13', 'user_4', '', '', '', NULL, 0, NULL, 0, 'tenant1', 1, 'active');
INSERT INTO "user" VALUES ('user_79', 'User 79', '2023-07-26 08:39:35', '2023-07-26 08:39:35', 'user_2', 'user_18', '', '', '', NULL, 0, NULL, 0, 'tenant1', 1, 'active');
INSERT INTO "user" VALUES ('user_8', 'User 8', '2023-07-26 08:39:34', '2023-07-26 08:39:34', 'admin', 'admin', '', '', '', NULL, 0, NULL, 0, 'tenant1', 1, 'active');
INSERT INTO "user" VALUES ('user_80', 'User 80', '2023-07-26 08:39:35', '2023-07-26 08:39:35', 'user_7', 'user_19', '', '', '', NULL, 0, NULL, 0, 'tenant1', 1, 'active');
INSERT INTO "user" VALUES ('user_81', 'User 81', '2023-07-26 08:39:35', '2023-07-26 08:39:35', 'user_16', 'user_5', '', '', '', NULL, 0, NULL, 0, 'tenant1', 1, 'active');
INSERT INTO "user" VALUES ('user_82', 'User 82', '2023-07-26 08:39:35', '2023-07-26 08:39:35', 'user_17', 'user_9', '', '', '', NULL, 0, NULL, 0, 'tenant1', 1, 'active');
INSERT INTO "user" VALUES ('user_83', 'User 83', '2023-07-26 08:39:35', '2023-07-26 08:39:35', 'user_13', 'user_0', '', '', '', NULL, 0, NULL, 0, 'tenant1', 1, 'active');
INSERT INTO "user" VALUES ('user_84', 'User 84', '2023-07-26 08:39:35', '2023-07-26 08:39:35', 'user_2', 'user_10', '', '', '', NULL, 0, NULL, 0, 'tenant1', 1, 'active');
INSERT INTO "user" VALUES ('user_85', 'User 85', '2023-07-26 08:39:35', '2023-07-26 08:39:35', 'user_6', 'user_0', '', '', '', NULL, 0, NULL, 0, 'tenant1', 1, 'active');
INSERT INTO "user" VALUES ('user_86', 'User 86', '2023-07-26 08:39:35', '2023-07-26 08:39:35', 'user_3', 'user_15', '', '', '', NULL, 0, NULL, 0, 'tenant1', 1, 'active');
INSERT INTO "user" VALUES ('user_87', 'User 87', '2023-07-26 08:39:35', '2023-07-26 08:39:35', 'user_6', 'user_5', '', '', '', NULL, 0, NULL, 0, 'tenant1', 1, 'active');
INSERT INTO "user" VALUES ('user_88', 'User 88', '2023-07-26 08:39:35', '2023-07-26 08:39:35', 'user_7', 'user_2', '', '', '', NULL, 0, NULL, 0, 'tenant1', 1, 'active');
INSERT INTO "user" VALUES ('user_89', 'User 89', '2023-07-26 08:39:35', '2023-07-26 08:39:35', 'user_10', 'user_4', '', '', '', NULL, 0, NULL, 0, 'tenant1', 1, 'active');
INSERT INTO "user" VALUES ('user_9', 'User 9', '2023-07-26 08:39:34', '2023-07-26 08:39:34', 'admin', 'admin', '', '', '', NULL, 0, NULL, 0, 'tenant1', 1, 'active');
INSERT INTO "user" VALUES ('user_90', 'User 90', '2023-07-26 08:39:35', '2023-07-26 08:39:35', 'user_10', 'user_19', '', '', '', NULL, 0, NULL, 0, 'tenant1', 1, 'active');
INSERT INTO "user" VALUES ('user_91', 'User 91', '2023-07-26 08:39:35', '2023-07-26 08:39:35', 'user_4', 'user_5', '', '', '', NULL, 0, NULL, 0, 'tenant1', 1, 'active');
INSERT INTO "user" VALUES ('user_92', 'User 92', '2023-07-26 08:39:35', '2023-07-26 08:39:35', 'user_14', 'user_16', '', '', '', NULL, 0, NULL, 0, 'tenant1', 1, 'active');
INSERT INTO "user" VALUES ('user_93', 'User 93', '2023-07-26 08:39:35', '2023-07-26 08:39:35', 'user_0', 'user_9', '', '', '', NULL, 0, NULL, 0, 'tenant1', 1, 'active');
INSERT INTO "user" VALUES ('user_94', 'User 94', '2023-07-26 08:39:35', '2023-07-26 08:39:35', 'user_8', 'user_12', '', '', '', NULL, 0, NULL, 0, 'tenant1', 1, 'active');
INSERT INTO "user" VALUES ('user_95', 'User 95', '2023-07-26 08:39:35', '2023-07-26 08:39:35', 'user_18', 'user_12', '', '', '', NULL, 0, NULL, 0, 'tenant1', 1, 'active');
INSERT INTO "user" VALUES ('user_96', 'User 96', '2023-07-26 08:39:35', '2023-07-26 08:39:35', 'user_8', 'user_3', '', '', '', NULL, 0, NULL, 0, 'tenant1', 1, 'active');
INSERT INTO "user" VALUES ('user_97', 'User 97', '2023-07-26 08:39:35', '2023-07-26 08:39:35', 'user_11', 'user_8', '', '', '', NULL, 0, NULL, 0, 'tenant1', 1, 'active');
INSERT INTO "user" VALUES ('user_98', 'User 98', '2023-07-26 08:39:35', '2023-07-26 08:39:35', 'user_8', 'user_15', '', '', '', NULL, 0, NULL, 0, 'tenant1', 1, 'active');
INSERT INTO "user" VALUES ('user_99', 'User 99', '2023-07-26 08:39:35', '2023-07-26 08:39:35', 'user_11', 'user_9', '', '', '', NULL, 0, NULL, 0, 'tenant1', 1, 'active');


-- ----------------------------
-- Records of user_group
-- ----------------------------
INSERT INTO user_group VALUES ('group_0', 'User Group 0', '2023-07-26 08:39:35', '2023-07-26 08:39:35', 'user_4', 'user_19', '', '', '', NULL, 0, NULL, 0, 'tenant1', 1, 'active');
INSERT INTO user_group VALUES ('group_1', 'User Group 1', '2023-07-26 08:39:35', '2023-07-26 08:39:35', 'user_2', 'user_13', '', '', '', NULL, 0, NULL, 0, 'tenant1', 1, 'active');
INSERT INTO user_group VALUES ('group_2', 'User Group 2', '2023-07-26 08:39:35', '2023-07-26 08:39:35', 'user_1', 'user_8', '', '', '', NULL, 0, NULL, 0, 'tenant1', 1, 'active');
INSERT INTO user_group VALUES ('group_3', 'User Group 3', '2023-07-26 08:39:35', '2023-07-26 08:39:35', 'user_16', 'user_17', '', '', '', NULL, 0, NULL, 0, 'tenant1', 1, 'active');
INSERT INTO user_group VALUES ('group_4', 'User Group 4', '2023-07-26 08:39:35', '2023-07-26 08:39:35', 'user_17', 'user_13', '', '', '', NULL, 0, NULL, 0, 'tenant1', 1, 'active');
INSERT INTO user_group VALUES ('group_5', 'User Group 5', '2023-07-26 08:39:35', '2023-07-26 08:39:35', 'user_15', 'user_18', '', '', '', NULL, 0, NULL, 0, 'tenant1', 1, 'active');
INSERT INTO user_group VALUES ('group_6', 'User Group 6', '2023-07-26 08:39:35', '2023-07-26 08:39:35', 'user_4', 'user_6', '', '', '', NULL, 0, NULL, 0, 'tenant1', 1, 'active');


-- ----------------------------
-- Records of user_group_role
-- ----------------------------
INSERT INTO user_group_role VALUES ('role_0', 'group_0');
INSERT INTO user_group_role VALUES ('role_1', 'group_1');
INSERT INTO user_group_role VALUES ('role_2', 'group_2');
INSERT INTO user_group_role VALUES ('role_3', 'group_3');
INSERT INTO user_group_role VALUES ('role_4', 'group_4');
INSERT INTO user_group_role VALUES ('role_5', 'group_5');
INSERT INTO user_group_role VALUES ('role_6', 'group_6');


-- ----------------------------
-- Records of user_organization
-- ----------------------------
INSERT INTO user_organization VALUES ('user_0', 'org_0');
INSERT INTO user_organization VALUES ('user_1', 'org_1');
INSERT INTO user_organization VALUES ('user_2', 'org_2');
INSERT INTO user_organization VALUES ('user_3', 'org_3');
INSERT INTO user_organization VALUES ('user_4', 'org_4');
INSERT INTO user_organization VALUES ('user_5', 'org_5');
INSERT INTO user_organization VALUES ('user_6', 'org_6');
INSERT INTO user_organization VALUES ('user_7', 'org_7');
INSERT INTO user_organization VALUES ('user_8', 'org_8');
INSERT INTO user_organization VALUES ('user_9', 'org_9');
INSERT INTO user_organization VALUES ('user_10', 'org_10');
INSERT INTO user_organization VALUES ('user_11', 'org_11');
INSERT INTO user_organization VALUES ('user_12', 'org_12');
INSERT INTO user_organization VALUES ('user_13', 'org_13');
INSERT INTO user_organization VALUES ('user_14', 'org_14');
INSERT INTO user_organization VALUES ('user_15', 'org_15');
INSERT INTO user_organization VALUES ('user_16', 'org_16');
INSERT INTO user_organization VALUES ('user_17', 'org_17');
INSERT INTO user_organization VALUES ('user_18', 'org_18');
INSERT INTO user_organization VALUES ('user_19', 'org_19');
INSERT INTO user_organization VALUES ('user_20', 'org_0');
INSERT INTO user_organization VALUES ('user_21', 'org_1');
INSERT INTO user_organization VALUES ('user_22', 'org_2');
INSERT INTO user_organization VALUES ('user_23', 'org_3');
INSERT INTO user_organization VALUES ('user_24', 'org_4');
INSERT INTO user_organization VALUES ('user_25', 'org_5');
INSERT INTO user_organization VALUES ('user_26', 'org_6');
INSERT INTO user_organization VALUES ('user_27', 'org_7');
INSERT INTO user_organization VALUES ('user_28', 'org_8');
INSERT INTO user_organization VALUES ('user_29', 'org_9');
INSERT INTO user_organization VALUES ('user_30', 'org_10');
INSERT INTO user_organization VALUES ('user_31', 'org_11');
INSERT INTO user_organization VALUES ('user_32', 'org_12');
INSERT INTO user_organization VALUES ('user_33', 'org_13');
INSERT INTO user_organization VALUES ('user_34', 'org_14');
INSERT INTO user_organization VALUES ('user_35', 'org_15');
INSERT INTO user_organization VALUES ('user_36', 'org_16');
INSERT INTO user_organization VALUES ('user_37', 'org_17');
INSERT INTO user_organization VALUES ('user_38', 'org_18');
INSERT INTO user_organization VALUES ('user_39', 'org_19');
INSERT INTO user_organization VALUES ('user_40', 'org_0');
INSERT INTO user_organization VALUES ('user_41', 'org_1');
INSERT INTO user_organization VALUES ('user_42', 'org_2');
INSERT INTO user_organization VALUES ('user_43', 'org_3');
INSERT INTO user_organization VALUES ('user_44', 'org_4');
INSERT INTO user_organization VALUES ('user_45', 'org_5');
INSERT INTO user_organization VALUES ('user_46', 'org_6');
INSERT INTO user_organization VALUES ('user_47', 'org_7');
INSERT INTO user_organization VALUES ('user_48', 'org_8');
INSERT INTO user_organization VALUES ('user_49', 'org_9');
INSERT INTO user_organization VALUES ('user_50', 'org_10');
INSERT INTO user_organization VALUES ('user_51', 'org_11');
INSERT INTO user_organization VALUES ('user_52', 'org_12');
INSERT INTO user_organization VALUES ('user_53', 'org_13');
INSERT INTO user_organization VALUES ('user_54', 'org_14');
INSERT INTO user_organization VALUES ('user_55', 'org_15');
INSERT INTO user_organization VALUES ('user_56', 'org_16');
INSERT INTO user_organization VALUES ('user_57', 'org_17');
INSERT INTO user_organization VALUES ('user_58', 'org_18');
INSERT INTO user_organization VALUES ('user_59', 'org_19');
INSERT INTO user_organization VALUES ('user_60', 'org_0');
INSERT INTO user_organization VALUES ('user_61', 'org_1');
INSERT INTO user_organization VALUES ('user_62', 'org_2');
INSERT INTO user_organization VALUES ('user_63', 'org_3');
INSERT INTO user_organization VALUES ('user_64', 'org_4');
INSERT INTO user_organization VALUES ('user_65', 'org_5');
INSERT INTO user_organization VALUES ('user_66', 'org_6');
INSERT INTO user_organization VALUES ('user_67', 'org_7');
INSERT INTO user_organization VALUES ('user_68', 'org_8');
INSERT INTO user_organization VALUES ('user_69', 'org_9');
INSERT INTO user_organization VALUES ('user_70', 'org_10');
INSERT INTO user_organization VALUES ('user_71', 'org_11');
INSERT INTO user_organization VALUES ('user_72', 'org_12');
INSERT INTO user_organization VALUES ('user_73', 'org_13');
INSERT INTO user_organization VALUES ('user_74', 'org_14');
INSERT INTO user_organization VALUES ('user_75', 'org_15');
INSERT INTO user_organization VALUES ('user_76', 'org_16');
INSERT INTO user_organization VALUES ('user_77', 'org_17');
INSERT INTO user_organization VALUES ('user_78', 'org_18');
INSERT INTO user_organization VALUES ('user_79', 'org_19');
INSERT INTO user_organization VALUES ('user_80', 'org_0');
INSERT INTO user_organization VALUES ('user_81', 'org_1');
INSERT INTO user_organization VALUES ('user_82', 'org_2');
INSERT INTO user_organization VALUES ('user_83', 'org_3');
INSERT INTO user_organization VALUES ('user_84', 'org_4');
INSERT INTO user_organization VALUES ('user_85', 'org_5');
INSERT INTO user_organization VALUES ('user_86', 'org_6');
INSERT INTO user_organization VALUES ('user_87', 'org_7');
INSERT INTO user_organization VALUES ('user_88', 'org_8');
INSERT INTO user_organization VALUES ('user_89', 'org_9');
INSERT INTO user_organization VALUES ('user_90', 'org_10');
INSERT INTO user_organization VALUES ('user_91', 'org_11');
INSERT INTO user_organization VALUES ('user_92', 'org_12');
INSERT INTO user_organization VALUES ('user_93', 'org_13');
INSERT INTO user_organization VALUES ('user_94', 'org_14');
INSERT INTO user_organization VALUES ('user_95', 'org_15');
INSERT INTO user_organization VALUES ('user_96', 'org_16');
INSERT INTO user_organization VALUES ('user_97', 'org_17');
INSERT INTO user_organization VALUES ('user_98', 'org_18');
INSERT INTO user_organization VALUES ('user_99', 'org_19');
INSERT INTO user_organization VALUES ('user_100', 'org_0');
INSERT INTO user_organization VALUES ('user_101', 'org_1');
INSERT INTO user_organization VALUES ('user_102', 'org_2');
INSERT INTO user_organization VALUES ('user_103', 'org_3');
INSERT INTO user_organization VALUES ('user_104', 'org_4');
INSERT INTO user_organization VALUES ('user_105', 'org_5');
INSERT INTO user_organization VALUES ('user_106', 'org_6');
INSERT INTO user_organization VALUES ('user_107', 'org_7');
INSERT INTO user_organization VALUES ('user_108', 'org_8');
INSERT INTO user_organization VALUES ('user_109', 'org_9');
INSERT INTO user_organization VALUES ('user_110', 'org_10');
INSERT INTO user_organization VALUES ('user_111', 'org_11');
INSERT INTO user_organization VALUES ('user_112', 'org_12');
INSERT INTO user_organization VALUES ('user_113', 'org_13');
INSERT INTO user_organization VALUES ('user_114', 'org_14');
INSERT INTO user_organization VALUES ('user_115', 'org_15');
INSERT INTO user_organization VALUES ('user_116', 'org_16');
INSERT INTO user_organization VALUES ('user_117', 'org_17');
INSERT INTO user_organization VALUES ('user_118', 'org_18');
INSERT INTO user_organization VALUES ('user_119', 'org_19');
INSERT INTO user_organization VALUES ('user_120', 'org_0');
INSERT INTO user_organization VALUES ('user_121', 'org_1');
INSERT INTO user_organization VALUES ('user_122', 'org_2');
INSERT INTO user_organization VALUES ('user_123', 'org_3');
INSERT INTO user_organization VALUES ('user_124', 'org_4');
INSERT INTO user_organization VALUES ('user_125', 'org_5');
INSERT INTO user_organization VALUES ('user_126', 'org_6');
INSERT INTO user_organization VALUES ('user_127', 'org_7');


-- ----------------------------
-- Records of user_role
-- ----------------------------
INSERT INTO user_role VALUES ('user_0', 'role_0');
INSERT INTO user_role VALUES ('user_1', 'role_1');
INSERT INTO user_role VALUES ('user_2', 'role_2');
INSERT INTO user_role VALUES ('user_3', 'role_3');
INSERT INTO user_role VALUES ('user_4', 'role_4');
INSERT INTO user_role VALUES ('user_5', 'role_5');
INSERT INTO user_role VALUES ('user_6', 'role_6');
INSERT INTO user_role VALUES ('user_7', 'role_7');
INSERT INTO user_role VALUES ('user_8', 'role_8');
INSERT INTO user_role VALUES ('user_9', 'role_9');
INSERT INTO user_role VALUES ('user_10', 'role_0');
INSERT INTO user_role VALUES ('user_11', 'role_1');
INSERT INTO user_role VALUES ('user_12', 'role_2');
INSERT INTO user_role VALUES ('user_13', 'role_3');
INSERT INTO user_role VALUES ('user_14', 'role_4');
INSERT INTO user_role VALUES ('user_15', 'role_5');
INSERT INTO user_role VALUES ('user_16', 'role_6');
INSERT INTO user_role VALUES ('user_17', 'role_7');
INSERT INTO user_role VALUES ('user_18', 'role_8');
INSERT INTO user_role VALUES ('user_19', 'role_9');
INSERT INTO user_role VALUES ('user_20', 'role_0');
INSERT INTO user_role VALUES ('user_21', 'role_1');
INSERT INTO user_role VALUES ('user_22', 'role_2');
INSERT INTO user_role VALUES ('user_23', 'role_3');
INSERT INTO user_role VALUES ('user_24', 'role_4');
INSERT INTO user_role VALUES ('user_25', 'role_5');
INSERT INTO user_role VALUES ('user_26', 'role_6');
INSERT INTO user_role VALUES ('user_27', 'role_7');
INSERT INTO user_role VALUES ('user_28', 'role_8');
INSERT INTO user_role VALUES ('user_29', 'role_9');
INSERT INTO user_role VALUES ('user_30', 'role_0');
INSERT INTO user_role VALUES ('user_31', 'role_1');
INSERT INTO user_role VALUES ('user_32', 'role_2');
INSERT INTO user_role VALUES ('user_33', 'role_3');
INSERT INTO user_role VALUES ('user_34', 'role_4');
INSERT INTO user_role VALUES ('user_35', 'role_5');
INSERT INTO user_role VALUES ('user_36', 'role_6');
INSERT INTO user_role VALUES ('user_37', 'role_7');
INSERT INTO user_role VALUES ('user_38', 'role_8');
INSERT INTO user_role VALUES ('user_39', 'role_9');
INSERT INTO user_role VALUES ('user_40', 'role_0');
INSERT INTO user_role VALUES ('user_41', 'role_1');
INSERT INTO user_role VALUES ('user_42', 'role_2');
INSERT INTO user_role VALUES ('user_43', 'role_3');
INSERT INTO user_role VALUES ('user_44', 'role_4');
INSERT INTO user_role VALUES ('user_45', 'role_5');
INSERT INTO user_role VALUES ('user_46', 'role_6');
INSERT INTO user_role VALUES ('user_47', 'role_7');
INSERT INTO user_role VALUES ('user_48', 'role_8');
INSERT INTO user_role VALUES ('user_49', 'role_9');
INSERT INTO user_role VALUES ('user_50', 'role_0');
INSERT INTO user_role VALUES ('user_51', 'role_1');
INSERT INTO user_role VALUES ('user_52', 'role_2');
INSERT INTO user_role VALUES ('user_53', 'role_3');
INSERT INTO user_role VALUES ('user_54', 'role_4');
INSERT INTO user_role VALUES ('user_55', 'role_5');
INSERT INTO user_role VALUES ('user_56', 'role_6');
INSERT INTO user_role VALUES ('user_57', 'role_7');
INSERT INTO user_role VALUES ('user_58', 'role_8');
INSERT INTO user_role VALUES ('user_59', 'role_9');
INSERT INTO user_role VALUES ('user_60', 'role_0');
INSERT INTO user_role VALUES ('user_61', 'role_1');
INSERT INTO user_role VALUES ('user_62', 'role_2');
INSERT INTO user_role VALUES ('user_63', 'role_3');
INSERT INTO user_role VALUES ('user_64', 'role_4');
INSERT INTO user_role VALUES ('user_65', 'role_5');
INSERT INTO user_role VALUES ('user_66', 'role_6');
INSERT INTO user_role VALUES ('user_67', 'role_7');
INSERT INTO user_role VALUES ('user_68', 'role_8');
INSERT INTO user_role VALUES ('user_69', 'role_9');
INSERT INTO user_role VALUES ('user_70', 'role_0');
INSERT INTO user_role VALUES ('user_71', 'role_1');
INSERT INTO user_role VALUES ('user_72', 'role_2');
INSERT INTO user_role VALUES ('user_73', 'role_3');
INSERT INTO user_role VALUES ('user_74', 'role_4');
INSERT INTO user_role VALUES ('user_75', 'role_5');
INSERT INTO user_role VALUES ('user_76', 'role_6');
INSERT INTO user_role VALUES ('user_77', 'role_7');
INSERT INTO user_role VALUES ('user_78', 'role_8');
INSERT INTO user_role VALUES ('user_79', 'role_9');
INSERT INTO user_role VALUES ('user_80', 'role_0');
INSERT INTO user_role VALUES ('user_81', 'role_1');
INSERT INTO user_role VALUES ('user_82', 'role_2');
INSERT INTO user_role VALUES ('user_83', 'role_3');
INSERT INTO user_role VALUES ('user_84', 'role_4');
INSERT INTO user_role VALUES ('user_85', 'role_5');
INSERT INTO user_role VALUES ('user_86', 'role_6');
INSERT INTO user_role VALUES ('user_87', 'role_7');
INSERT INTO user_role VALUES ('user_88', 'role_8');
INSERT INTO user_role VALUES ('user_89', 'role_9');
INSERT INTO user_role VALUES ('user_90', 'role_0');
INSERT INTO user_role VALUES ('user_91', 'role_1');
INSERT INTO user_role VALUES ('user_92', 'role_2');
INSERT INTO user_role VALUES ('user_93', 'role_3');
INSERT INTO user_role VALUES ('user_94', 'role_4');
INSERT INTO user_role VALUES ('user_95', 'role_5');
INSERT INTO user_role VALUES ('user_96', 'role_6');
INSERT INTO user_role VALUES ('user_97', 'role_7');
INSERT INTO user_role VALUES ('user_98', 'role_8');
INSERT INTO user_role VALUES ('user_99', 'role_9');
INSERT INTO user_role VALUES ('user_100', 'role_0');
INSERT INTO user_role VALUES ('user_101', 'role_1');
INSERT INTO user_role VALUES ('user_102', 'role_2');
INSERT INTO user_role VALUES ('user_103', 'role_3');
INSERT INTO user_role VALUES ('user_104', 'role_4');
INSERT INTO user_role VALUES ('user_105', 'role_5');
INSERT INTO user_role VALUES ('user_106', 'role_6');
INSERT INTO user_role VALUES ('user_107', 'role_7');
INSERT INTO user_role VALUES ('user_108', 'role_8');
INSERT INTO user_role VALUES ('user_109', 'role_9');
INSERT INTO user_role VALUES ('user_110', 'role_0');
INSERT INTO user_role VALUES ('user_111', 'role_1');
INSERT INTO user_role VALUES ('user_112', 'role_2');
INSERT INTO user_role VALUES ('user_113', 'role_3');
INSERT INTO user_role VALUES ('user_114', 'role_4');
INSERT INTO user_role VALUES ('user_115', 'role_5');
INSERT INTO user_role VALUES ('user_116', 'role_6');
INSERT INTO user_role VALUES ('user_117', 'role_7');
INSERT INTO user_role VALUES ('user_118', 'role_8');
INSERT INTO user_role VALUES ('user_119', 'role_9');
INSERT INTO user_role VALUES ('user_120', 'role_0');
INSERT INTO user_role VALUES ('user_121', 'role_1');
INSERT INTO user_role VALUES ('user_122', 'role_2');
INSERT INTO user_role VALUES ('user_123', 'role_3');
INSERT INTO user_role VALUES ('user_124', 'role_4');
INSERT INTO user_role VALUES ('user_125', 'role_5');
INSERT INTO user_role VALUES ('user_126', 'role_6');
INSERT INTO user_role VALUES ('user_127', 'role_7');


-- ----------------------------
-- Records of user_user_group
-- ----------------------------
INSERT INTO user_user_group VALUES ('user_0', 'group_0');
INSERT INTO user_user_group VALUES ('user_1', 'group_1');
INSERT INTO user_user_group VALUES ('user_2', 'group_2');
INSERT INTO user_user_group VALUES ('user_3', 'group_3');
INSERT INTO user_user_group VALUES ('user_4', 'group_4');
INSERT INTO user_user_group VALUES ('user_5', 'group_5');
INSERT INTO user_user_group VALUES ('user_6', 'group_6');
INSERT INTO user_user_group VALUES ('user_7', 'group_0');
INSERT INTO user_user_group VALUES ('user_8', 'group_1');
INSERT INTO user_user_group VALUES ('user_9', 'group_2');
INSERT INTO user_user_group VALUES ('user_10', 'group_3');
INSERT INTO user_user_group VALUES ('user_11', 'group_4');
INSERT INTO user_user_group VALUES ('user_12', 'group_5');
INSERT INTO user_user_group VALUES ('user_13', 'group_6');
INSERT INTO user_user_group VALUES ('user_14', 'group_0');
INSERT INTO user_user_group VALUES ('user_15', 'group_1');
INSERT INTO user_user_group VALUES ('user_16', 'group_2');
INSERT INTO user_user_group VALUES ('user_17', 'group_3');
INSERT INTO user_user_group VALUES ('user_18', 'group_4');
INSERT INTO user_user_group VALUES ('user_19', 'group_5');
INSERT INTO user_user_group VALUES ('user_20', 'group_6');
INSERT INTO user_user_group VALUES ('user_21', 'group_0');
INSERT INTO user_user_group VALUES ('user_22', 'group_1');
INSERT INTO user_user_group VALUES ('user_23', 'group_2');
INSERT INTO user_user_group VALUES ('user_24', 'group_3');
INSERT INTO user_user_group VALUES ('user_25', 'group_4');
INSERT INTO user_user_group VALUES ('user_26', 'group_5');
INSERT INTO user_user_group VALUES ('user_27', 'group_6');
INSERT INTO user_user_group VALUES ('user_28', 'group_0');
INSERT INTO user_user_group VALUES ('user_29', 'group_1');
INSERT INTO user_user_group VALUES ('user_30', 'group_2');
INSERT INTO user_user_group VALUES ('user_31', 'group_3');
INSERT INTO user_user_group VALUES ('user_32', 'group_4');
INSERT INTO user_user_group VALUES ('user_33', 'group_5');
INSERT INTO user_user_group VALUES ('user_34', 'group_6');
INSERT INTO user_user_group VALUES ('user_35', 'group_0');
INSERT INTO user_user_group VALUES ('user_36', 'group_1');
INSERT INTO user_user_group VALUES ('user_37', 'group_2');
INSERT INTO user_user_group VALUES ('user_38', 'group_3');
INSERT INTO user_user_group VALUES ('user_39', 'group_4');
INSERT INTO user_user_group VALUES ('user_40', 'group_5');
INSERT INTO user_user_group VALUES ('user_41', 'group_6');
INSERT INTO user_user_group VALUES ('user_42', 'group_0');
INSERT INTO user_user_group VALUES ('user_43', 'group_1');
INSERT INTO user_user_group VALUES ('user_44', 'group_2');
INSERT INTO user_user_group VALUES ('user_45', 'group_3');
INSERT INTO user_user_group VALUES ('user_46', 'group_4');
INSERT INTO user_user_group VALUES ('user_47', 'group_5');
INSERT INTO user_user_group VALUES ('user_48', 'group_6');
INSERT INTO user_user_group VALUES ('user_49', 'group_0');
INSERT INTO user_user_group VALUES ('user_50', 'group_1');
INSERT INTO user_user_group VALUES ('user_51', 'group_2');
INSERT INTO user_user_group VALUES ('user_52', 'group_3');
INSERT INTO user_user_group VALUES ('user_53', 'group_4');
INSERT INTO user_user_group VALUES ('user_54', 'group_5');
INSERT INTO user_user_group VALUES ('user_55', 'group_6');
INSERT INTO user_user_group VALUES ('user_56', 'group_0');
INSERT INTO user_user_group VALUES ('user_57', 'group_1');
INSERT INTO user_user_group VALUES ('user_58', 'group_2');
INSERT INTO user_user_group VALUES ('user_59', 'group_3');
INSERT INTO user_user_group VALUES ('user_60', 'group_4');
INSERT INTO user_user_group VALUES ('user_61', 'group_5');
INSERT INTO user_user_group VALUES ('user_62', 'group_6');
INSERT INTO user_user_group VALUES ('user_63', 'group_0');
INSERT INTO user_user_group VALUES ('user_64', 'group_1');
INSERT INTO user_user_group VALUES ('user_65', 'group_2');
INSERT INTO user_user_group VALUES ('user_66', 'group_3');
INSERT INTO user_user_group VALUES ('user_67', 'group_4');
INSERT INTO user_user_group VALUES ('user_68', 'group_5');
INSERT INTO user_user_group VALUES ('user_69', 'group_6');
INSERT INTO user_user_group VALUES ('user_70', 'group_0');
INSERT INTO user_user_group VALUES ('user_71', 'group_1');
INSERT INTO user_user_group VALUES ('user_72', 'group_2');
INSERT INTO user_user_group VALUES ('user_73', 'group_3');
INSERT INTO user_user_group VALUES ('user_74', 'group_4');
INSERT INTO user_user_group VALUES ('user_75', 'group_5');
INSERT INTO user_user_group VALUES ('user_76', 'group_6');
INSERT INTO user_user_group VALUES ('user_77', 'group_0');
INSERT INTO user_user_group VALUES ('user_78', 'group_1');
INSERT INTO user_user_group VALUES ('user_79', 'group_2');
INSERT INTO user_user_group VALUES ('user_80', 'group_3');
INSERT INTO user_user_group VALUES ('user_81', 'group_4');
INSERT INTO user_user_group VALUES ('user_82', 'group_5');
INSERT INTO user_user_group VALUES ('user_83', 'group_6');
INSERT INTO user_user_group VALUES ('user_84', 'group_0');
INSERT INTO user_user_group VALUES ('user_85', 'group_1');
INSERT INTO user_user_group VALUES ('user_86', 'group_2');
INSERT INTO user_user_group VALUES ('user_87', 'group_3');
INSERT INTO user_user_group VALUES ('user_88', 'group_4');
INSERT INTO user_user_group VALUES ('user_89', 'group_5');
INSERT INTO user_user_group VALUES ('user_90', 'group_6');
INSERT INTO user_user_group VALUES ('user_91', 'group_0');
INSERT INTO user_user_group VALUES ('user_92', 'group_1');
INSERT INTO user_user_group VALUES ('user_93', 'group_2');
INSERT INTO user_user_group VALUES ('user_94', 'group_3');
INSERT INTO user_user_group VALUES ('user_95', 'group_4');
INSERT INTO user_user_group VALUES ('user_96', 'group_5');
INSERT INTO user_user_group VALUES ('user_97', 'group_6');
INSERT INTO user_user_group VALUES ('user_98', 'group_0');
INSERT INTO user_user_group VALUES ('user_99', 'group_1');
INSERT INTO user_user_group VALUES ('user_100', 'group_2');
INSERT INTO user_user_group VALUES ('user_101', 'group_3');
INSERT INTO user_user_group VALUES ('user_102', 'group_4');
INSERT INTO user_user_group VALUES ('user_103', 'group_5');
INSERT INTO user_user_group VALUES ('user_104', 'group_6');
INSERT INTO user_user_group VALUES ('user_105', 'group_0');
INSERT INTO user_user_group VALUES ('user_106', 'group_1');
INSERT INTO user_user_group VALUES ('user_107', 'group_2');
INSERT INTO user_user_group VALUES ('user_108', 'group_3');
INSERT INTO user_user_group VALUES ('user_109', 'group_4');
INSERT INTO user_user_group VALUES ('user_110', 'group_5');
INSERT INTO user_user_group VALUES ('user_111', 'group_6');
INSERT INTO user_user_group VALUES ('user_112', 'group_0');
INSERT INTO user_user_group VALUES ('user_113', 'group_1');
INSERT INTO user_user_group VALUES ('user_114', 'group_2');
INSERT INTO user_user_group VALUES ('user_115', 'group_3');
INSERT INTO user_user_group VALUES ('user_116', 'group_4');
INSERT INTO user_user_group VALUES ('user_117', 'group_5');
INSERT INTO user_user_group VALUES ('user_118', 'group_6');
INSERT INTO user_user_group VALUES ('user_119', 'group_0');
INSERT INTO user_user_group VALUES ('user_120', 'group_1');
INSERT INTO user_user_group VALUES ('user_121', 'group_2');
INSERT INTO user_user_group VALUES ('user_122', 'group_3');
INSERT INTO user_user_group VALUES ('user_123', 'group_4');
INSERT INTO user_user_group VALUES ('user_124', 'group_5');
INSERT INTO user_user_group VALUES ('user_125', 'group_6');
INSERT INTO user_user_group VALUES ('user_126', 'group_0');
INSERT INTO user_user_group VALUES ('user_127', 'group_1');
